variant,intensity,target,n_seeds,rescue_mean,rescue_sd,positive_seeds,anchor_mae,corrected_mae,nn_delta_mae,abs_gain_vs_xgb_diff,pct_gain_vs_xgb_diff,nominal_anchor_mae,nominal_final_mae,nominal_penalty_rel,overall_anchor_mae,overall_final_mae,overall_abs_gain,overall_pct_gain,gate_applied_rate,safety_pass_rate,rescue_ci_lo,rescue_ci_hi,ci_method
Full,0.1,dissolved oxygen,5,0.0,0.0,0,0.5430705659465186,0.5430705659465186,0.5430705659465186,0.0,0.0,0.0753982036374509,0.0753982036374509,0.0,0.5387402662955086,0.5387402662955086,0.0,0.0,0.0,0.0,0.0,0.0,"two-sided Student-t, df=n_seeds-1"
Full,0.1,electric conductivity,5,0.0,0.0,0,10.910078120797689,10.910078120797689,10.910078120797689,0.0,0.0,2.2918391813828918,2.2918391813828918,0.0,10.830279612099405,10.830279612099405,0.0,0.0,0.0,0.0,0.0,0.0,"two-sided Student-t, df=n_seeds-1"
Full,0.1,ph,5,0.0,0.0,0,0.39434349599527485,0.39434349599527485,0.39434349599527485,0.0,0.0,0.09777524759217679,0.09777524759217679,0.0,0.3915974936952461,0.3915974936952461,0.0,0.0,0.0,0.0,0.0,0.0,"two-sided Student-t, df=n_seeds-1"
Full,0.1,temperature,5,0.0,0.0,0,1.1415392156246804,1.1415392156246804,1.1415392156246804,0.0,0.0,0.049087525158932235,0.049087525158932235,0.0,1.131423922194442,1.131423922194442,0.0,0.0,0.0,0.0,0.0,0.0,"two-sided Student-t, df=n_seeds-1"
Full,0.15,dissolved oxygen,5,0.0,0.0,0,0.5729190160291722,0.5729190160291722,0.5729190160291722,0.0,0.0,0.049900908209383435,0.049900908209383435,0.0,0.5680762557715815,0.5680762557715815,0.0,0.0,0.0,0.0,0.0,0.0,"two-sided Student-t, df=n_seeds-1"
Full,0.15,electric conductivity,5,0.0,0.0,0,16.44114334304905,16.44114334304905,16.44114334304905,0.0,0.0,2.5417948444678755,2.5417948444678755,0.0,16.312445671765893,16.312445671765893,0.0,0.0,0.0,0.0,0.0,0.0,"two-sided Student-t, df=n_seeds-1"
Full,0.15,ph,5,0.062131062642437285,0.13892927958278747,1,0.5849868839379386,0.5472872451484221,0.5472872451484221,0.037699638789516585,6.213106264243728,0.07422739695758121,0.07422739695758121,0.0,0.5802576294288613,0.5429070613688772,0.03735056805998404,6.204692074720578,0.2,0.2,-0.11037242211189552,0.2346345473967701,"two-sided Student-t, df=n_seeds-1"
Full,0.15,temperature,5,0.0254371733978725,0.0568792488730922,1,1.6902684176694371,1.6472949799033887,1.6472949799033887,0.0429734377660484,2.5437173397872503,0.0498087007551255,0.0498087007551255,0.0,1.6750789758461564,1.6325034402816456,0.0425755355645109,2.5434480886241184,0.2,0.2,-0.04518774217271825,0.09606208896846324,"two-sided Student-t, df=n_seeds-1"
Full,0.2,dissolved oxygen,5,0.0,0.0,0,0.6137926780658777,0.6137926780658777,0.6137926780658777,0.0,0.0,0.05501096639782188,0.05501096639782188,0.0,0.6086187733282105,0.6086187733282105,0.0,0.0,0.0,0.0,0.0,0.0,"two-sided Student-t, df=n_seeds-1"
Full,0.2,electric conductivity,5,0.0,0.0,0,23.17005392219017,23.17005392219017,23.17005392219017,0.0,0.0,1.1582048922773822,1.1582048922773822,0.0,22.96624050524653,22.96624050524653,0.0,0.0,0.0,0.0,0.0,0.0,"two-sided Student-t, df=n_seeds-1"
Full,0.2,ph,5,0.0654874422856407,0.1464343726232868,1,0.7958471537957175,0.7416967823033999,0.7416967823033999,0.05415037149231754,6.54874422856407,0.10378135141606956,0.10378135141606956,0.0,0.7894391371070171,0.7357901579433321,0.05364897916368498,6.54118120433817,0.4,0.4,-0.11633484630024978,0.24730973087153119,"two-sided Student-t, df=n_seeds-1"
Full,0.2,temperature,5,0.07711585398389109,0.1709520491148861,2,2.2658672024667,2.090792804858167,2.090792804858167,0.17507439760853288,7.711585398389113,0.057917301356754734,0.057917301356754734,0.0,2.245423221900867,2.07196988352945,0.1734533383714168,7.709123932257983,0.4,0.4,-0.13514915082122503,0.2893808587890072,"two-sided Student-t, df=n_seeds-1"
Full,0.25,dissolved oxygen,5,0.0,0.0,0,0.6542956244826671,0.6542956244826671,0.6542956244826671,0.0,0.0,0.03122904952615494,0.03122904952615494,0.0,0.6485264895293661,0.6485264895293661,0.0,0.0,0.0,0.0,0.0,0.0,"two-sided Student-t, df=n_seeds-1"
Full,0.25,electric conductivity,5,0.01528960483486414,0.03418859575986566,1,28.789379383381437,28.34647301526843,28.34647301526843,0.44290636811300954,1.5289604834864154,1.517518246670005,1.517518246670005,0.0,28.536862150634107,28.09805676741103,0.4388053832230746,1.528034112240757,0.2,0.2,-0.027161143669302994,0.057740353339031276,"two-sided Student-t, df=n_seeds-1"
Full,0.25,ph,5,0.0,0.0,0,1.0173323885476901,1.0173323885476901,1.0173323885476901,0.0,0.0,0.09036575305897328,0.09036575305897328,0.0,1.008749364145017,1.008749364145017,0.0,0.0,0.0,0.0,0.0,0.0,"two-sided Student-t, df=n_seeds-1"
Full,0.25,temperature,5,0.0,0.0,0,2.725576976793045,2.725576976793045,2.725576976793045,0.0,0.0,0.02350969389069698,0.02350969389069698,0.0,2.70055783528469,2.70055783528469,0.0,0.0,0.0,0.0,0.0,0.0,"two-sided Student-t, df=n_seeds-1"
No Attention,0.1,dissolved oxygen,5,0.0,0.0,0,0.5430705659465186,0.5430705659465186,0.5430705659465186,0.0,0.0,0.0753982036374509,0.0753982036374509,0.0,0.5387402662955086,0.5387402662955086,0.0,0.0,0.0,0.0,0.0,0.0,"two-sided Student-t, df=n_seeds-1"
No Attention,0.1,electric conductivity,5,0.0,0.0,0,10.910078120797689,10.910078120797689,10.910078120797689,0.0,0.0,2.2918391813828918,2.2918391813828918,0.0,10.830279612099405,10.830279612099405,0.0,0.0,0.0,0.0,0.0,0.0,"two-sided Student-t, df=n_seeds-1"
No Attention,0.1,ph,5,0.0,0.0,0,0.39434349599527485,0.39434349599527485,0.39434349599527485,0.0,0.0,0.09777524759217679,0.09777524759217679,0.0,0.3915974936952461,0.3915974936952461,0.0,0.0,0.0,0.0,0.0,0.0,"two-sided Student-t, df=n_seeds-1"
No Attention,0.1,temperature,5,0.0,0.0,0,1.1415392156246804,1.1415392156246804,1.1415392156246804,0.0,0.0,0.049087525158932235,0.049087525158932235,0.0,1.131423922194442,1.131423922194442,0.0,0.0,0.0,0.0,0.0,0.0,"two-sided Student-t, df=n_seeds-1"
No Attention,0.15,dissolved oxygen,5,0.0,0.0,0,0.5729190160291722,0.5729190160291722,0.5729190160291722,0.0,0.0,0.049900908209383435,0.049900908209383435,0.0,0.5680762557715815,0.5680762557715815,0.0,0.0,0.0,0.0,0.0,0.0,"two-sided Student-t, df=n_seeds-1"
No Attention,0.15,electric conductivity,5,0.0,0.0,0,16.44114334304905,16.44114334304905,16.44114334304905,0.0,0.0,2.5417948444678755,2.5417948444678755,0.0,16.312445671765893,16.312445671765893,0.0,0.0,0.0,0.0,0.0,0.0,"two-sided Student-t, df=n_seeds-1"
No Attention,0.15,ph,5,0.0,0.0,0,0.5849868839379386,0.5849868839379386,0.5849868839379386,0.0,0.0,0.07422739695758121,0.07422739695758121,0.0,0.5802576294288613,0.5802576294288613,0.0,0.0,0.0,0.0,0.0,0.0,"two-sided Student-t, df=n_seeds-1"
No Attention,0.15,temperature,5,0.06515040010550828,0.145680723397226,1,1.6902684176694371,1.5795909990202543,1.5795909990202543,0.11067741864918265,6.515040010550829,0.0498087007551255,0.0498087007551255,0.0,1.6750789758461564,1.5654263481103923,0.1096526277357642,6.512198215019725,0.2,0.2,-0.11573610936910834,0.24603690958012492,"two-sided Student-t, df=n_seeds-1"
No Attention,0.2,dissolved oxygen,5,0.0,0.0,0,0.6137926780658777,0.6137926780658777,0.6137926780658777,0.0,0.0,0.05501096639782188,0.05501096639782188,0.0,0.6086187733282105,0.6086187733282105,0.0,0.0,0.0,0.0,0.0,0.0,"two-sided Student-t, df=n_seeds-1"
No Attention,0.2,electric conductivity,5,0.06269966178056105,0.14020070590758002,1,23.17005392219017,21.699244850007652,21.699244850007652,1.4708090721825187,6.269966178056107,1.1582048922773822,1.1582048922773822,0.0,22.96624050524653,21.509050035584224,1.4571904696623093,6.266019849525784,0.2,0.2,-0.11138250726763513,0.23678183082875723,"two-sided Student-t, df=n_seeds-1"
No Attention,0.2,ph,5,0.05837296650357578,0.08836995472186497,2,0.7958471537957175,0.7494653810971601,0.7494653810971601,0.04638177269855726,5.8372966503575805,0.10378135141606956,0.10378135141606956,0.0,0.7894391371070171,0.7434868252667798,0.045952311840237306,5.830544141245093,0.4,0.4,-0.051352824797460894,0.16809875780461245,"two-sided Student-t, df=n_seeds-1"
No Attention,0.2,temperature,5,0.00854464574842782,0.019106408737139174,1,2.2658672024667,2.2466649942819497,2.2466649942819497,0.019202208184750262,0.8544645748427838,0.057917301356754734,0.057917301356754734,0.0,2.245423221900867,2.22639881194005,0.0190244099608174,0.8540991797027516,0.2,0.2,-0.015179094115443777,0.032268385612299416,"two-sided Student-t, df=n_seeds-1"
No Attention,0.25,dissolved oxygen,5,0.0,0.0,0,0.6542956244826671,0.6542956244826671,0.6542956244826671,0.0,0.0,0.03122904952615494,0.03122904952615494,0.0,0.6485264895293661,0.6485264895293661,0.0,0.0,0.0,0.0,0.0,0.0,"two-sided Student-t, df=n_seeds-1"
No Attention,0.25,electric conductivity,5,0.0,0.0,0,28.789379383381437,28.789379383381437,28.789379383381437,0.0,0.0,1.517518246670005,1.517518246670005,0.0,28.536862150634107,28.536862150634107,0.0,0.0,0.0,0.0,0.0,0.0,"two-sided Student-t, df=n_seeds-1"
No Attention,0.25,ph,5,0.06916103881553307,0.15464878418603345,1,1.0173323885476901,0.9529412126663818,0.9529412126663818,0.06439117588130819,6.9161038815533065,0.09036575305897328,0.09036575305897328,0.0,1.008749364145017,0.9449544028552023,0.06379496128981457,6.9103630067024415,0.2,0.2,-0.12286078887424867,0.2611828665053148,"two-sided Student-t, df=n_seeds-1"
No Attention,0.25,temperature,5,0.0,0.0,0,2.725576976793045,2.725576976793045,2.725576976793045,0.0,0.0,0.02350969389069698,0.02350969389069698,0.0,2.70055783528469,2.70055783528469,0.0,0.0,0.0,0.0,0.0,0.0,"two-sided Student-t, df=n_seeds-1"
No CNN,0.1,dissolved oxygen,5,0.0,0.0,0,0.5430705659465186,0.5430705659465186,0.5430705659465186,0.0,0.0,0.0753982036374509,0.0753982036374509,0.0,0.5387402662955086,0.5387402662955086,0.0,0.0,0.0,0.0,0.0,0.0,"two-sided Student-t, df=n_seeds-1"
No CNN,0.1,electric conductivity,5,0.0,0.0,0,10.910078120797689,10.910078120797689,10.910078120797689,0.0,0.0,2.2918391813828918,2.2918391813828918,0.0,10.830279612099405,10.830279612099405,0.0,0.0,0.0,0.0,0.0,0.0,"two-sided Student-t, df=n_seeds-1"
No CNN,0.1,ph,5,0.0235913288096238,0.05275181489786801,1,0.39434349599527485,0.3852816935971325,0.3852816935971325,0.00906180239814228,2.35913288096238,0.09777524759217679,0.09777524759217679,0.0,0.3915974936952461,0.38261959687486435,0.008977896820381701,2.3549488179164055,0.2,0.2,-0.04190870058896801,0.08909135820821562,"two-sided Student-t, df=n_seeds-1"
No CNN,0.1,temperature,5,0.0,0.0,0,1.1415392156246804,1.1415392156246804,1.1415392156246804,0.0,0.0,0.049087525158932235,0.049087525158932235,0.0,1.131423922194442,1.131423922194442,0.0,0.0,0.0,0.0,0.0,0.0,"two-sided Student-t, df=n_seeds-1"
No CNN,0.15,dissolved oxygen,5,0.0,0.0,0,0.5729190160291722,0.5729190160291722,0.5729190160291722,0.0,0.0,0.049900908209383435,0.049900908209383435,0.0,0.5680762557715815,0.5680762557715815,0.0,0.0,0.0,0.0,0.0,0.0,"two-sided Student-t, df=n_seeds-1"
No CNN,0.15,electric conductivity,5,0.0,0.0,0,16.44114334304905,16.44114334304905,16.44114334304905,0.0,0.0,2.5417948444678755,2.5417948444678755,0.0,16.312445671765893,16.312445671765893,0.0,0.0,0.0,0.0,0.0,0.0,"two-sided Student-t, df=n_seeds-1"
No CNN,0.15,ph,5,0.07967112061317362,0.17815004153464092,1,0.5849868839379386,0.536644358615973,0.536644358615973,0.048342525321965577,7.967112061317363,0.07422739695758121,0.07422739695758121,0.0,0.5802576294288613,0.5323627200820991,0.04789490934676222,7.956322483932873,0.2,0.2,-0.14153137223889573,0.300873613465243,"two-sided Student-t, df=n_seeds-1"
No CNN,0.15,temperature,5,0.0,0.0,0,1.6902684176694371,1.6902684176694371,1.6902684176694371,0.0,0.0,0.0498087007551255,0.0498087007551255,0.0,1.6750789758461564,1.6750789758461564,0.0,0.0,0.0,0.0,0.0,0.0,"two-sided Student-t, df=n_seeds-1"
No CNN,0.2,dissolved oxygen,5,0.0,0.0,0,0.6137926780658777,0.6137926780658777,0.6137926780658777,0.0,0.0,0.05501096639782188,0.05501096639782188,0.0,0.6086187733282105,0.6086187733282105,0.0,0.0,0.0,0.0,0.0,0.0,"two-sided Student-t, df=n_seeds-1"
No CNN,0.2,electric conductivity,5,0.0,0.0,0,23.17005392219017,23.17005392219017,23.17005392219017,0.0,0.0,1.1582048922773822,1.1582048922773822,0.0,22.96624050524653,22.96624050524653,0.0,0.0,0.0,0.0,0.0,0.0,"two-sided Student-t, df=n_seeds-1"
No CNN,0.2,ph,5,0.11588869836901498,0.16066738586421656,3,0.7958471537957175,0.7019300826593515,0.7019300826593515,0.0939170711363658,11.588869836901498,0.10378135141606956,0.10378135141606956,0.0,0.7894391371070171,0.6963916684811731,0.09304746862584388,11.576173035428377,0.6,0.6,-0.08360621034409545,0.31538360708212543,"two-sided Student-t, df=n_seeds-1"
No CNN,0.2,temperature,5,0.009883384931206659,0.022099920553975177,1,2.2658672024667,2.2436564730103066,2.2436564730103066,0.02221072945639352,0.9883384931206656,0.057917301356754734,0.057917301356754734,0.0,2.245423221900867,2.2234181473468473,0.02200507455401954,0.9879158494058473,0.2,0.2,-0.01755729078382775,0.03732406064624107,"two-sided Student-t, df=n_seeds-1"
No CNN,0.25,dissolved oxygen,5,0.0,0.0,0,0.6542956244826671,0.6542956244826671,0.6542956244826671,0.0,0.0,0.03122904952615494,0.03122904952615494,0.0,0.6485264895293661,0.6485264895293661,0.0,0.0,0.0,0.0,0.0,0.0,"two-sided Student-t, df=n_seeds-1"
No CNN,0.25,electric conductivity,5,0.0,0.0,0,28.789379383381437,28.789379383381437,28.789379383381437,0.0,0.0,1.517518246670005,1.517518246670005,0.0,28.536862150634107,28.536862150634107,0.0,0.0,0.0,0.0,0.0,0.0,"two-sided Student-t, df=n_seeds-1"
No CNN,0.25,ph,5,0.00155418421075358,0.003475261544801864,1,1.0173323885476901,1.0157621312538463,1.0157621312538463,0.00157025729384376,0.15541842107535983,0.09036575305897328,0.09036575305897328,0.0,1.008749364145017,1.0071936462705606,0.00155571787445634,0.15526542258211115,0.2,0.2,-0.0027609229337689,0.005869291355276061,"two-sided Student-t, df=n_seeds-1"
No CNN,0.25,temperature,5,0.0,0.0,0,2.725576976793045,2.725576976793045,2.725576976793045,0.0,0.0,0.02350969389069698,0.02350969389069698,0.0,2.70055783528469,2.70055783528469,0.0,0.0,0.0,0.0,0.0,0.0,"two-sided Student-t, df=n_seeds-1"
Ordinary Residual Target,0.1,dissolved oxygen,5,0.0,0.0,0,0.5430705659465186,0.5430705659465186,0.5430705659465186,0.0,0.0,0.0753982036374509,0.0753982036374509,0.0,0.5387402662955086,0.5387402662955086,0.0,0.0,0.0,0.0,0.0,0.0,"two-sided Student-t, df=n_seeds-1"
Ordinary Residual Target,0.1,electric conductivity,5,0.0,0.0,0,10.910078120797689,10.910078120797689,10.910078120797689,0.0,0.0,2.2918391813828918,2.2918391813828918,0.0,10.830279612099405,10.830279612099405,0.0,0.0,0.0,0.0,0.0,0.0,"two-sided Student-t, df=n_seeds-1"
Ordinary Residual Target,0.1,ph,5,0.0,0.0,0,0.39434349599527485,0.39434349599527485,0.39434349599527485,0.0,0.0,0.09777524759217679,0.09777524759217679,0.0,0.3915974936952461,0.3915974936952461,0.0,0.0,0.0,0.0,0.0,0.0,"two-sided Student-t, df=n_seeds-1"
Ordinary Residual Target,0.1,temperature,5,0.0,0.0,0,1.1415392156246804,1.1415392156246804,1.1415392156246804,0.0,0.0,0.049087525158932235,0.049087525158932235,0.0,1.131423922194442,1.131423922194442,0.0,0.0,0.0,0.0,0.0,0.0,"two-sided Student-t, df=n_seeds-1"
Ordinary Residual Target,0.15,dissolved oxygen,5,0.0,0.0,0,0.5729190160291722,0.5729190160291722,0.5729190160291722,0.0,0.0,0.049900908209383435,0.049900908209383435,0.0,0.5680762557715815,0.5680762557715815,0.0,0.0,0.0,0.0,0.0,0.0,"two-sided Student-t, df=n_seeds-1"
Ordinary Residual Target,0.15,electric conductivity,5,0.0,0.0,0,16.44114334304905,16.44114334304905,16.44114334304905,0.0,0.0,2.5417948444678755,2.5417948444678755,0.0,16.312445671765893,16.312445671765893,0.0,0.0,0.0,0.0,0.0,0.0,"two-sided Student-t, df=n_seeds-1"
Ordinary Residual Target,0.15,ph,5,0.0,0.0,0,0.5849868839379386,0.5849868839379386,0.5849868839379386,0.0,0.0,0.07422739695758121,0.07422739695758121,0.0,0.5802576294288613,0.5802576294288613,0.0,0.0,0.0,0.0,0.0,0.0,"two-sided Student-t, df=n_seeds-1"
Ordinary Residual Target,0.15,temperature,5,0.0,0.0,0,1.6902684176694371,1.6902684176694371,1.6902684176694371,0.0,0.0,0.0498087007551255,0.0498087007551255,0.0,1.6750789758461564,1.6750789758461564,0.0,0.0,0.0,0.0,0.0,0.0,"two-sided Student-t, df=n_seeds-1"
Ordinary Residual Target,0.2,dissolved oxygen,5,0.0,0.0,0,0.6137926780658777,0.6137926780658777,0.6137926780658777,0.0,0.0,0.05501096639782188,0.05501096639782188,0.0,0.6086187733282105,0.6086187733282105,0.0,0.0,0.0,0.0,0.0,0.0,"two-sided Student-t, df=n_seeds-1"
Ordinary Residual Target,0.2,electric conductivity,5,0.0,0.0,0,23.17005392219017,23.17005392219017,23.17005392219017,0.0,0.0,1.1582048922773822,1.1582048922773822,0.0,22.96624050524653,22.96624050524653,0.0,0.0,0.0,0.0,0.0,0.0,"two-sided Student-t, df=n_seeds-1"
Ordinary Residual Target,0.2,ph,5,0.0,0.0,0,0.7958471537957175,0.7958471537957175,0.7958471537957175,0.0,0.0,0.10378135141606956,0.10378135141606956,0.0,0.7894391371070171,0.7894391371070171,0.0,0.0,0.0,0.0,0.0,0.0,"two-sided Student-t, df=n_seeds-1"
Ordinary Residual Target,0.2,temperature,5,0.0,0.0,0,2.2658672024667,2.2658672024667,2.2658672024667,0.0,0.0,0.057917301356754734,0.057917301356754734,0.0,2.245423221900867,2.245423221900867,0.0,0.0,0.0,0.0,0.0,0.0,"two-sided Student-t, df=n_seeds-1"
Ordinary Residual Target,0.25,dissolved oxygen,5,0.0,0.0,0,0.6542956244826671,0.6542956244826671,0.6542956244826671,0.0,0.0,0.03122904952615494,0.03122904952615494,0.0,0.6485264895293661,0.6485264895293661,0.0,0.0,0.0,0.0,0.0,0.0,"two-sided Student-t, df=n_seeds-1"
Ordinary Residual Target,0.25,electric conductivity,5,0.0,0.0,0,28.789379383381437,28.789379383381437,28.789379383381437,0.0,0.0,1.517518246670005,1.517518246670005,0.0,28.536862150634107,28.536862150634107,0.0,0.0,0.0,0.0,0.0,0.0,"two-sided Student-t, df=n_seeds-1"
Ordinary Residual Target,0.25,ph,5,0.0,0.0,0,1.0173323885476901,1.0173323885476901,1.0173323885476901,0.0,0.0,0.09036575305897328,0.09036575305897328,0.0,1.008749364145017,1.008749364145017,0.0,0.0,0.0,0.0,0.0,0.0,"two-sided Student-t, df=n_seeds-1"
Ordinary Residual Target,0.25,temperature,5,0.0,0.0,0,2.725576976793045,2.725576976793045,2.725576976793045,0.0,0.0,0.02350969389069698,0.02350969389069698,0.0,2.70055783528469,2.70055783528469,0.0,0.0,0.0,0.0,0.0,0.0,"two-sided Student-t, df=n_seeds-1"
Unified Encoder,0.1,dissolved oxygen,5,0.0,0.0,0,0.5430705659465186,0.5430705659465186,0.5430705659465186,0.0,0.0,0.0753982036374509,0.0753982036374509,0.0,0.5387402662955086,0.5387402662955086,0.0,0.0,0.0,0.0,0.0,0.0,"two-sided Student-t, df=n_seeds-1"
Unified Encoder,0.1,electric conductivity,5,0.0,0.0,0,10.910078120797689,10.910078120797689,10.910078120797689,0.0,0.0,2.2918391813828918,2.2918391813828918,0.0,10.830279612099405,10.830279612099405,0.0,0.0,0.0,0.0,0.0,0.0,"two-sided Student-t, df=n_seeds-1"
Unified Encoder,0.1,ph,5,0.0,0.0,0,0.39434349599527485,0.39434349599527485,0.39434349599527485,0.0,0.0,0.09777524759217679,0.09777524759217679,0.0,0.3915974936952461,0.3915974936952461,0.0,0.0,0.0,0.0,0.0,0.0,"two-sided Student-t, df=n_seeds-1"
Unified Encoder,0.1,temperature,5,0.0,0.0,0,1.1415392156246804,1.1415392156246804,1.1415392156246804,0.0,0.0,0.049087525158932235,0.049087525158932235,0.0,1.131423922194442,1.131423922194442,0.0,0.0,0.0,0.0,0.0,0.0,"two-sided Student-t, df=n_seeds-1"
Unified Encoder,0.15,dissolved oxygen,5,0.0,0.0,0,0.5729190160291722,0.5729190160291722,0.5729190160291722,0.0,0.0,0.049900908209383435,0.049900908209383435,0.0,0.5680762557715815,0.5680762557715815,0.0,0.0,0.0,0.0,0.0,0.0,"two-sided Student-t, df=n_seeds-1"
Unified Encoder,0.15,electric conductivity,5,0.0,0.0,0,16.44114334304905,16.44114334304905,16.44114334304905,0.0,0.0,2.5417948444678755,2.5417948444678755,0.0,16.312445671765893,16.312445671765893,0.0,0.0,0.0,0.0,0.0,0.0,"two-sided Student-t, df=n_seeds-1"
Unified Encoder,0.15,ph,5,0.0,0.0,0,0.5849868839379386,0.5849868839379386,0.5849868839379386,0.0,0.0,0.07422739695758121,0.07422739695758121,0.0,0.5802576294288613,0.5802576294288613,0.0,0.0,0.0,0.0,0.0,0.0,"two-sided Student-t, df=n_seeds-1"
Unified Encoder,0.15,temperature,5,0.018092243081058022,0.04045548539469597,1,1.6902684176694371,1.658636209569448,1.658636209569448,0.031632208099989116,1.8092243081058021,0.0498087007551255,0.0498087007551255,0.0,1.6750789758461564,1.643739658561908,0.03133931728424852,1.8090540885936026,0.2,0.2,-0.03213987666339427,0.06832436282551031,"two-sided Student-t, df=n_seeds-1"
Unified Encoder,0.2,dissolved oxygen,5,0.0,0.0,0,0.6137926780658777,0.6137926780658777,0.6137926780658777,0.0,0.0,0.05501096639782188,0.05501096639782188,0.0,0.6086187733282105,0.6086187733282105,0.0,0.0,0.0,0.0,0.0,0.0,"two-sided Student-t, df=n_seeds-1"
Unified Encoder,0.2,electric conductivity,5,0.03175581527981666,0.06492690910901233,2,23.17005392219017,22.425692280896506,22.425692280896506,0.7443616412936649,3.175581527981667,1.1582048922773822,1.1582048922773822,0.0,22.96624050524653,22.228771101372253,0.7374694038742788,3.173557220874219,0.4,0.4,-0.04886159027549214,0.11237322083512546,"two-sided Student-t, df=n_seeds-1"
Unified Encoder,0.2,ph,5,0.00849814767384728,0.01900243588155423,1,0.7958471537957175,0.7896851840817356,0.7896851840817356,0.00616196971398178,0.8498147673847288,0.10378135141606956,0.10378135141606956,0.0,0.7894391371070171,0.7833342226681647,0.00610491443885236,0.8488282300554395,0.2,0.2,-0.015096492838454057,0.032092788186148614,"two-sided Student-t, df=n_seeds-1"
Unified Encoder,0.2,temperature,5,0.0,0.0,0,2.2658672024667,2.2658672024667,2.2658672024667,0.0,0.0,0.057917301356754734,0.057917301356754734,0.0,2.245423221900867,2.245423221900867,0.0,0.0,0.0,0.0,0.0,0.0,"two-sided Student-t, df=n_seeds-1"
Unified Encoder,0.25,dissolved oxygen,5,0.0,0.0,0,0.6542956244826671,0.6542956244826671,0.6542956244826671,0.0,0.0,0.03122904952615494,0.03122904952615494,0.0,0.6485264895293661,0.6485264895293661,0.0,0.0,0.0,0.0,0.0,0.0,"two-sided Student-t, df=n_seeds-1"
Unified Encoder,0.25,electric conductivity,5,0.0,0.0,0,28.789379383381437,28.789379383381437,28.789379383381437,0.0,0.0,1.517518246670005,1.517518246670005,0.0,28.536862150634107,28.536862150634107,0.0,0.0,0.0,0.0,0.0,0.0,"two-sided Student-t, df=n_seeds-1"
Unified Encoder,0.25,ph,5,0.0,0.0,0,1.0173323885476901,1.0173323885476901,1.0173323885476901,0.0,0.0,0.09036575305897328,0.09036575305897328,0.0,1.008749364145017,1.008749364145017,0.0,0.0,0.0,0.0,0.0,0.0,"two-sided Student-t, df=n_seeds-1"
Unified Encoder,0.25,temperature,5,0.0,0.0,0,2.725576976793045,2.725576976793045,2.725576976793045,0.0,0.0,0.02350969389069698,0.02350969389069698,0.0,2.70055783528469,2.70055783528469,0.0,0.0,0.0,0.0,0.0,0.0,"two-sided Student-t, df=n_seeds-1"
