model_name,temperature_TrainStd,temperature_MAE,temperature_RMSE,temperature_MASE,mase_seasonality,temperature_MASE_1,temperature_N_obs,temperature_N_reconstructed,temperature_N_total,temperature_MAE_obs,temperature_MAE_persist,temperature_N_persist,temperature_persist_metric_observed_only,temperature_RelMAE_persist,temperature_Beats_persist,temperature_N_fault_dqa,temperature_N_fault_obs,temperature_N_fault_reconstructed,temperature_N_fault,temperature_N_healthy,temperature_fault_metric_observed_only,temperature_fault_truth_unique,temperature_fault_truth_degenerate,temperature_MAE_healthy,temperature_N_stuck_dqa,temperature_N_stuck_reconstructed,temperature_N_stuck,temperature_N_stuck_window,temperature_N_zero_dqa,temperature_N_zero_reconstructed,temperature_N_zero,temperature_N_zero_window,temperature_ParityViol,ph_TrainStd,ph_MAE,ph_RMSE,ph_MASE,ph_MASE_1,ph_N_obs,ph_N_reconstructed,ph_N_total,ph_MAE_obs,ph_MAE_persist,ph_N_persist,ph_persist_metric_observed_only,ph_RelMAE_persist,ph_Beats_persist,ph_N_fault_dqa,ph_N_fault_obs,ph_N_fault_reconstructed,ph_N_fault,ph_N_healthy,ph_fault_metric_observed_only,ph_fault_truth_unique,ph_fault_truth_degenerate,ph_MAE_healthy,ph_N_stuck_dqa,ph_N_stuck_reconstructed,ph_N_stuck,ph_N_stuck_window,ph_N_zero_dqa,ph_N_zero_reconstructed,ph_N_zero,ph_N_zero_window,ph_ParityViol,electric conductivity_TrainStd,electric conductivity_MAE,electric conductivity_RMSE,electric conductivity_MASE,electric conductivity_MASE_1,electric conductivity_N_obs,electric conductivity_N_reconstructed,electric conductivity_N_total,electric conductivity_MAE_obs,electric conductivity_MAE_persist,electric conductivity_N_persist,electric conductivity_persist_metric_observed_only,electric conductivity_RelMAE_persist,electric conductivity_Beats_persist,electric conductivity_N_fault_dqa,electric conductivity_N_fault_obs,electric conductivity_N_fault_reconstructed,electric conductivity_N_fault,electric conductivity_N_healthy,electric conductivity_fault_metric_observed_only,electric conductivity_fault_truth_unique,electric conductivity_fault_truth_degenerate,electric conductivity_MAE_healthy,electric conductivity_N_stuck_dqa,electric conductivity_N_stuck_reconstructed,electric conductivity_N_stuck,electric conductivity_N_stuck_window,electric conductivity_N_zero_dqa,electric conductivity_N_zero_reconstructed,electric conductivity_N_zero,electric conductivity_N_zero_window,electric conductivity_ParityViol,dissolved oxygen_TrainStd,dissolved oxygen_MAE,dissolved oxygen_RMSE,dissolved oxygen_MASE,dissolved oxygen_MASE_1,dissolved oxygen_N_obs,dissolved oxygen_N_reconstructed,dissolved oxygen_N_total,dissolved oxygen_MAE_obs,dissolved oxygen_MAE_persist,dissolved oxygen_N_persist,dissolved oxygen_persist_metric_observed_only,dissolved oxygen_RelMAE_persist,dissolved oxygen_Beats_persist,dissolved oxygen_N_fault_dqa,dissolved oxygen_N_fault_obs,dissolved oxygen_N_fault_reconstructed,dissolved oxygen_N_fault,dissolved oxygen_N_healthy,dissolved oxygen_fault_metric_observed_only,dissolved oxygen_fault_truth_unique,dissolved oxygen_fault_truth_degenerate,dissolved oxygen_MAE_fault,dissolved oxygen_MAE_healthy,dissolved oxygen_N_stuck_dqa,dissolved oxygen_N_stuck_reconstructed,dissolved oxygen_N_stuck,dissolved oxygen_MAE_stuck,dissolved oxygen_N_zero_dqa,dissolved oxygen_N_zero_reconstructed,dissolved oxygen_N_zero,dissolved oxygen_N_zero_window,dissolved oxygen_ParityViol,n_physical_violations,physviol_counted,temperature_PhysViol,ph_PhysViol,electric conductivity_PhysViol,dissolved oxygen_PhysViol,n_physical_violations_post_guard,n_clipped_by_guard,guard_MacroMAE_delta,_val_MAE_for_selection_all,_val_MAE_full,_val_MAE_full_obs,_val_N_obs_for_selection,_val_ratio_temperature,_val_ratio_ph,_val_ratio_electric conductivity,_val_ratio_dissolved oxygen,_val_MAE_for_selection,_val_selection_metric,_val_MAE_for_selection_raw_units,_val_selection_scope,conformal_alpha,temperature_ConfBound,temperature_ConfNCal,ph_ConfBound,ph_ConfNCal,electric conductivity_ConfBound,electric conductivity_ConfNCal,dissolved oxygen_ConfBound,dissolved oxygen_ConfNCal,bound_family,temperature_ConfAttainable,temperature_ConfNRequired,ph_ConfAttainable,ph_ConfNRequired,electric conductivity_ConfAttainable,electric conductivity_ConfNRequired,dissolved oxygen_ConfAttainable,dissolved oxygen_ConfNRequired,conformal_all_attainable,gate_threshold,gate_n_corrected,gate_n_declined,anchor_supervision,corrector_supervision,r19_safety_veto_enabled,r19_safety_n_passed,r19_safety_n_vetoed,temperature_SafetyPass,temperature_SafetyValNDegraded,temperature_SafetyValRescue,temperature_SafetyValNomPenaltyRel,temperature_SafetyValMAEMult,temperature_SafetyReason,temperature_DynamicSelectorFitted,temperature_DynamicSelectorTrainN,temperature_DynamicSelectorTrainPos,temperature_DynamicSelectorTrainNeg,temperature_DynamicGateThreshold,temperature_DynamicSelectorReason,ph_SafetyPass,ph_SafetyValNDegraded,ph_SafetyValRescue,ph_SafetyValNomPenaltyRel,ph_SafetyValMAEMult,ph_SafetyReason,ph_DynamicSelectorFitted,ph_DynamicSelectorTrainN,ph_DynamicSelectorTrainPos,ph_DynamicSelectorTrainNeg,ph_DynamicGateThreshold,ph_DynamicSelectorReason,electric conductivity_SafetyPass,electric conductivity_SafetyValNDegraded,electric conductivity_SafetyValRescue,electric conductivity_SafetyValNomPenaltyRel,electric conductivity_SafetyValMAEMult,electric conductivity_SafetyReason,electric conductivity_DynamicSelectorFitted,electric conductivity_DynamicSelectorTrainN,electric conductivity_DynamicSelectorTrainPos,electric conductivity_DynamicSelectorTrainNeg,electric conductivity_DynamicGateThreshold,electric conductivity_DynamicSelectorReason,dissolved oxygen_SafetyPass,dissolved oxygen_SafetyValNDegraded,dissolved oxygen_SafetyValRescue,dissolved oxygen_SafetyValNomPenaltyRel,dissolved oxygen_SafetyValMAEMult,dissolved oxygen_SafetyReason,dissolved oxygen_DynamicSelectorFitted,dissolved oxygen_DynamicSelectorTrainN,dissolved oxygen_DynamicSelectorTrainPos,dissolved oxygen_DynamicSelectorTrainNeg,dissolved oxygen_DynamicGateThreshold,dissolved oxygen_DynamicSelectorReason,dynamic_selector_enabled,uses_drift_bank,n_drift_bank_cols,parity_tol,pred_differs_from_anchor,max_abs_applied_correction,temperature_MaxAbsCorrection,temperature_CorrectionInert,ph_MaxAbsCorrection,ph_CorrectionInert,electric conductivity_MaxAbsCorrection,electric conductivity_CorrectionInert,dissolved oxygen_MaxAbsCorrection,dissolved oxygen_CorrectionInert,n_gated_on_but_inert,assembly_max_err,temperature_MaxAbsResidual,ph_MaxAbsResidual,electric conductivity_MaxAbsResidual,dissolved oxygen_MaxAbsResidual,n_corrections_lost,row_invalid,row_invalid_reason,temperature_Gate,temperature_GateApplied,ph_Gate,ph_GateApplied,electric conductivity_Gate,electric conductivity_GateApplied,dissolved oxygen_Gate,dissolved oxygen_GateApplied,realised_bind_rate,temperature_BindRate,ph_BindRate,electric conductivity_BindRate,dissolved oxygen_BindRate,physviol_local_crosscheck,clip_k,clip_hit_rate,temperature_ClipHit,ph_ClipHit,electric conductivity_ClipHit,dissolved oxygen_ClipHit,eval_protocol,target_mode,n_features,end_to_end_statistical_comparator,corrector_attribution_anchor,dissolved oxygen_MAE_obs_CI,dissolved oxygen_Stats_obs,dissolved oxygen_Stats,electric conductivity_MAE_obs_CI,electric conductivity_Stats_obs,electric conductivity_Stats,ph_MAE_obs_CI,ph_Stats_obs,ph_Stats,temperature_MAE_obs_CI,temperature_Stats_obs,temperature_Stats,statistical_scope,Mean_RelMAE_persist,Beats_persist_frac,cadence,cadence_valid,cadence_interp_frac,Macro_MAE,Macro_MAE_ex_degen,Macro_MAE_obs,N_targets_MAE_obs,Macro_MAE_obs_ex_degen,Mean_MASE,Primary_Macro_MAE,Primary_MAE_scope,Mean_MASE_1,Beats_naive_h1,Frac_targets_corrected,Anchor_passthrough
M2P-PTAC (C=0.0001),2.9539729940902597,0.19253324414797113,0.30519582228747016,0.11997126999757045,24.0,0.508016621166935,108.0,0.0,108.0,0.19253324414797113,0.347809117075838,108.0,True,0.5535600842400868,True,0.0,0.0,0.0,0.0,108.0,True,0.0,False,0.19253324414797113,0.0,0.0,0.0,0.0,0.0,0.0,0.0,0.0,0.0,0.7341686136565403,0.12921672286980243,0.17867414268736273,0.46672941236235216,0.8277261472730179,108.0,0.0,108.0,0.12921672286980243,0.1840604947672962,108.0,True,0.7020339863432857,True,0.0,0.0,0.0,0.0,108.0,True,0.0,False,0.12921672286980243,0.0,0.0,0.0,0.0,0.0,0.0,0.0,0.0,0.0,167.13515254425639,2.5828440068403644,3.6586435708624534,0.0556599217230237,0.4863075250574449,108.0,0.0,108.0,2.5828440068403644,4.854582024209203,108.0,True,0.532042510345904,True,0.0,0.0,0.0,0.0,108.0,True,0.0,False,2.5828440068403644,0.0,0.0,0.0,0.0,0.0,0.0,0.0,0.0,0.0,2.5553628337440917,0.47839469499968296,0.753841819922539,0.278612054586036,0.9384460403354579,108.0,0.0,108.0,0.47839469499968296,0.4676813270852445,108.0,True,1.0229074100118727,False,27.0,27.0,0.0,27.0,81.0,True,1.0,True,0.10576104292398833,0.6026059123582478,27.0,0.0,27.0,0.10576104292398833,0.0,0.0,0.0,0.0,0.0,1.0,True,0.0,0.0,0.0,0.009259259259259259,0.0,1.0,-9.866535374269958e-07,1.1630939861656677,1.0426524473413858,1.0426524473413858,128.0,1.0,1.0,1.0,1.0,1.0,equal_target_MAE_ratio_to_matched_differenced_XGBoost_anchor,1.1630939861656677,source-retained disjoint C-selection block,0.1,0.0,44.0,0.23646356165409088,44.0,0.0,44.0,0.0,44.0,conformal,True,9.0,True,9.0,True,9.0,True,9.0,True,,0.0,4.0,observed_or_degraded,anchor_residual,True,0.0,4.0,False,0.0,,0.0,1.0,underpowered degraded validation (0<8); only 0 independent degradation episode(s) < 2; rescue lower bound not positive (nan),False,431.0,0.0,431.0,1.000001,"underpowered train selector: n=431/48, pos=0/6, neg=431/12",False,0.0,,0.0,1.0,underpowered degraded validation (0<8); only 0 independent degradation episode(s) < 2; rescue lower bound not positive (nan),False,431.0,0.0,431.0,1.000001,"underpowered train selector: n=431/48, pos=0/6, neg=431/12",False,0.0,,0.0,1.0,underpowered degraded validation (0<8); only 0 independent degradation episode(s) < 2; rescue lower bound not positive (nan),True,431.0,45.0,386.0,1.000001,train-only state-aware logistic selector,False,0.0,,0.0,1.0,underpowered degraded validation (0<8); only 0 independent degradation episode(s) < 2; rescue lower bound not positive (nan),True,431.0,47.0,384.0,0.0,train-only state-aware logistic selector,True,True,44.0,1e-12,False,0.0,0.0,False,0.0,False,0.0,False,0.0,False,0.0,0.0,0.0,0.0,0.0,0.0,0.0,False,,,True,,True,,True,,True,0.0,0.0,0.0,0.0,0.0,1.0,,0.0,0.0,0.0,0.0,0.0,"rolling-origin h=1 (observed history, no future info)",delta,,XGBoost Baseline,XGBoost (differenced target + drift bank),0.478 [0.376-0.589],<0.001 (Lg),<0.001 (Lg),2.583 [2.096-3.096],<0.001 (Lg),<0.001 (Lg),0.129 [0.106-0.151],0.216 (Lg),0.216 (Lg),0.193 [0.149-0.240],<0.001 (Lg),<0.001 (Lg),source-retained only,0.7026359977352874,0.75,h,True,0.0,0.8457471672144552,0.8457471672144552,0.8457471672144552,4,0.8457471672144552,0.23024316466724556,0.8457471672144552,source-retained only,0.6901240834582139,True,0.0,True
M2P-Ablation (Unified Enc.),2.9539729940902597,0.19253324414797113,0.30519582228747016,0.11997126999757045,24.0,0.508016621166935,108.0,0.0,108.0,0.19253324414797113,0.347809117075838,108.0,True,0.5535600842400868,True,0.0,0.0,0.0,0.0,108.0,True,0.0,False,0.19253324414797113,0.0,0.0,0.0,0.0,0.0,0.0,0.0,0.0,0.0,0.7341686136565403,0.12921672286980243,0.17867414268736273,0.46672941236235216,0.8277261472730179,108.0,0.0,108.0,0.12921672286980243,0.1840604947672962,108.0,True,0.7020339863432857,True,0.0,0.0,0.0,0.0,108.0,True,0.0,False,0.12921672286980243,0.0,0.0,0.0,0.0,0.0,0.0,0.0,0.0,0.0,167.13515254425639,2.5828440068403644,3.6586435708624534,0.0556599217230237,0.4863075250574449,108.0,0.0,108.0,2.5828440068403644,4.854582024209203,108.0,True,0.532042510345904,True,0.0,0.0,0.0,0.0,108.0,True,0.0,False,2.5828440068403644,0.0,0.0,0.0,0.0,0.0,0.0,0.0,0.0,0.0,2.5553628337440917,0.47839469499968296,0.753841819922539,0.278612054586036,0.9384460403354579,108.0,0.0,108.0,0.47839469499968296,0.4676813270852445,108.0,True,1.0229074100118727,False,27.0,27.0,0.0,27.0,81.0,True,1.0,True,0.10576104292398833,0.6026059123582478,27.0,0.0,27.0,0.10576104292398833,0.0,0.0,0.0,0.0,0.0,1.0,True,0.0,0.0,0.0,0.009259259259259259,0.0,1.0,-9.866535374269958e-07,1.1630939861656677,1.0426524473413858,1.0426524473413858,128.0,1.0,1.0,1.0,1.0,1.0,equal_target_MAE_ratio_to_matched_differenced_XGBoost_anchor,1.1630939861656677,source-retained disjoint C-selection block,0.1,0.0,44.0,0.2176017165184021,44.0,0.0,44.0,0.0,44.0,conformal,True,9.0,True,9.0,True,9.0,True,9.0,True,,0.0,4.0,observed_or_degraded,anchor_residual,True,0.0,4.0,False,0.0,,0.0,1.0,underpowered degraded validation (0<8); only 0 independent degradation episode(s) < 2; rescue lower bound not positive (nan),False,431.0,0.0,431.0,1.000001,"underpowered train selector: n=431/48, pos=0/6, neg=431/12",False,0.0,,0.0,1.0,underpowered degraded validation (0<8); only 0 independent degradation episode(s) < 2; rescue lower bound not positive (nan),False,431.0,0.0,431.0,1.000001,"underpowered train selector: n=431/48, pos=0/6, neg=431/12",False,0.0,,0.0,1.0,underpowered degraded validation (0<8); only 0 independent degradation episode(s) < 2; rescue lower bound not positive (nan),True,431.0,45.0,386.0,1.000001,train-only state-aware logistic selector,False,0.0,,0.0,1.0,underpowered degraded validation (0<8); only 0 independent degradation episode(s) < 2; rescue lower bound not positive (nan),True,431.0,47.0,384.0,0.0,train-only state-aware logistic selector,True,True,44.0,1e-12,False,0.0,0.0,False,0.0,False,0.0,False,0.0,False,0.0,0.0,0.0,0.0,0.0,0.0,0.0,False,,,True,,True,,True,,True,0.0,0.0,0.0,0.0,0.0,1.0,,0.0,0.0,0.0,0.0,0.0,"rolling-origin h=1 (observed history, no future info)",delta,,XGBoost Baseline,XGBoost (differenced target + drift bank),0.478 [0.375-0.591],<0.001 (Lg),<0.001 (Lg),2.583 [2.127-3.078],<0.001 (Lg),<0.001 (Lg),0.129 [0.108-0.153],0.216 (Lg),0.216 (Lg),0.193 [0.150-0.239],<0.001 (Lg),<0.001 (Lg),source-retained only,0.7026359977352874,0.75,h,True,0.0,0.8457471672144552,0.8457471672144552,0.8457471672144552,4,0.8457471672144552,0.23024316466724556,0.8457471672144552,source-retained only,0.6901240834582139,True,0.0,True
M2P-Ablation (No Attention),2.9539729940902597,0.19253324414797113,0.30519582228747016,0.11997126999757045,24.0,0.508016621166935,108.0,0.0,108.0,0.19253324414797113,0.347809117075838,108.0,True,0.5535600842400868,True,0.0,0.0,0.0,0.0,108.0,True,0.0,False,0.19253324414797113,0.0,0.0,0.0,0.0,0.0,0.0,0.0,0.0,0.0,0.7341686136565403,0.12921672286980243,0.17867414268736273,0.46672941236235216,0.8277261472730179,108.0,0.0,108.0,0.12921672286980243,0.1840604947672962,108.0,True,0.7020339863432857,True,0.0,0.0,0.0,0.0,108.0,True,0.0,False,0.12921672286980243,0.0,0.0,0.0,0.0,0.0,0.0,0.0,0.0,0.0,167.13515254425639,2.5828440068403644,3.6586435708624534,0.0556599217230237,0.4863075250574449,108.0,0.0,108.0,2.5828440068403644,4.854582024209203,108.0,True,0.532042510345904,True,0.0,0.0,0.0,0.0,108.0,True,0.0,False,2.5828440068403644,0.0,0.0,0.0,0.0,0.0,0.0,0.0,0.0,0.0,2.5553628337440917,0.47839469499968296,0.753841819922539,0.278612054586036,0.9384460403354579,108.0,0.0,108.0,0.47839469499968296,0.4676813270852445,108.0,True,1.0229074100118727,False,27.0,27.0,0.0,27.0,81.0,True,1.0,True,0.10576104292398833,0.6026059123582478,27.0,0.0,27.0,0.10576104292398833,0.0,0.0,0.0,0.0,0.0,1.0,True,0.0,0.0,0.0,0.009259259259259259,0.0,1.0,-9.866535374269958e-07,1.1630939861656677,1.0426524473413858,1.0426524473413858,128.0,1.0,1.0,1.0,1.0,1.0,equal_target_MAE_ratio_to_matched_differenced_XGBoost_anchor,1.1630939861656677,source-retained disjoint C-selection block,0.1,0.0,44.0,0.2611420750617981,44.0,0.0,44.0,0.0,44.0,conformal,True,9.0,True,9.0,True,9.0,True,9.0,True,,0.0,4.0,observed_or_degraded,anchor_residual,True,0.0,4.0,False,0.0,,0.0,1.0,underpowered degraded validation (0<8); only 0 independent degradation episode(s) < 2; rescue lower bound not positive (nan),False,431.0,0.0,431.0,1.000001,"underpowered train selector: n=431/48, pos=0/6, neg=431/12",False,0.0,,0.0,1.0,underpowered degraded validation (0<8); only 0 independent degradation episode(s) < 2; rescue lower bound not positive (nan),False,431.0,0.0,431.0,1.000001,"underpowered train selector: n=431/48, pos=0/6, neg=431/12",False,0.0,,0.0,1.0,underpowered degraded validation (0<8); only 0 independent degradation episode(s) < 2; rescue lower bound not positive (nan),True,431.0,45.0,386.0,1.000001,train-only state-aware logistic selector,False,0.0,,0.0,1.0,underpowered degraded validation (0<8); only 0 independent degradation episode(s) < 2; rescue lower bound not positive (nan),True,431.0,47.0,384.0,0.0001,train-only state-aware logistic selector,True,True,44.0,1e-12,False,0.0,0.0,False,0.0,False,0.0,False,0.0,False,0.0,0.0,0.0,0.0,0.0,0.0,0.0,False,,,True,,True,,True,,True,0.0,0.0,0.0,0.0,0.0,1.0,,0.0,0.0,0.0,0.0,0.0,"rolling-origin h=1 (observed history, no future info)",delta,,XGBoost Baseline,XGBoost (differenced target + drift bank),0.478 [0.378-0.592],<0.001 (Lg),<0.001 (Lg),2.583 [2.126-3.075],<0.001 (Lg),<0.001 (Lg),0.129 [0.107-0.153],0.216 (Lg),0.216 (Lg),0.193 [0.152-0.239],<0.001 (Lg),<0.001 (Lg),source-retained only,0.7026359977352874,0.75,h,True,0.0,0.8457471672144552,0.8457471672144552,0.8457471672144552,4,0.8457471672144552,0.23024316466724556,0.8457471672144552,source-retained only,0.6901240834582139,True,0.0,True
M2P-Ablation (No CNN),2.9539729940902597,0.19253324414797113,0.30519582228747016,0.11997126999757045,24.0,0.508016621166935,108.0,0.0,108.0,0.19253324414797113,0.347809117075838,108.0,True,0.5535600842400868,True,0.0,0.0,0.0,0.0,108.0,True,0.0,False,0.19253324414797113,0.0,0.0,0.0,0.0,0.0,0.0,0.0,0.0,0.0,0.7341686136565403,0.12921672286980243,0.17867414268736273,0.46672941236235216,0.8277261472730179,108.0,0.0,108.0,0.12921672286980243,0.1840604947672962,108.0,True,0.7020339863432857,True,0.0,0.0,0.0,0.0,108.0,True,0.0,False,0.12921672286980243,0.0,0.0,0.0,0.0,0.0,0.0,0.0,0.0,0.0,167.13515254425639,2.5828440068403644,3.6586435708624534,0.0556599217230237,0.4863075250574449,108.0,0.0,108.0,2.5828440068403644,4.854582024209203,108.0,True,0.532042510345904,True,0.0,0.0,0.0,0.0,108.0,True,0.0,False,2.5828440068403644,0.0,0.0,0.0,0.0,0.0,0.0,0.0,0.0,0.0,2.5553628337440917,0.47839469499968296,0.753841819922539,0.278612054586036,0.9384460403354579,108.0,0.0,108.0,0.47839469499968296,0.4676813270852445,108.0,True,1.0229074100118727,False,27.0,27.0,0.0,27.0,81.0,True,1.0,True,0.10576104292398833,0.6026059123582478,27.0,0.0,27.0,0.10576104292398833,0.0,0.0,0.0,0.0,0.0,1.0,True,0.0,0.0,0.0,0.009259259259259259,0.0,1.0,-9.866535374269958e-07,1.1630939861656677,1.0426524473413858,1.0426524473413858,128.0,1.0,1.0,1.0,1.0,1.0,equal_target_MAE_ratio_to_matched_differenced_XGBoost_anchor,1.1630939861656677,source-retained disjoint C-selection block,0.1,0.0,44.0,0.29853546619415283,44.0,0.0,44.0,0.0,44.0,conformal,True,9.0,True,9.0,True,9.0,True,9.0,True,,0.0,4.0,observed_or_degraded,anchor_residual,True,0.0,4.0,False,0.0,,0.0,1.0,underpowered degraded validation (0<8); only 0 independent degradation episode(s) < 2; rescue lower bound not positive (nan),False,431.0,0.0,431.0,1.000001,"underpowered train selector: n=431/48, pos=0/6, neg=431/12",False,0.0,,0.0,1.0,underpowered degraded validation (0<8); only 0 independent degradation episode(s) < 2; rescue lower bound not positive (nan),False,431.0,0.0,431.0,1.000001,"underpowered train selector: n=431/48, pos=0/6, neg=431/12",False,0.0,,0.0,1.0,underpowered degraded validation (0<8); only 0 independent degradation episode(s) < 2; rescue lower bound not positive (nan),True,431.0,45.0,386.0,1.000001,train-only state-aware logistic selector,False,0.0,,0.0,1.0,underpowered degraded validation (0<8); only 0 independent degradation episode(s) < 2; rescue lower bound not positive (nan),True,431.0,47.0,384.0,0.0,train-only state-aware logistic selector,True,True,44.0,1e-12,False,0.0,0.0,False,0.0,False,0.0,False,0.0,False,0.0,0.0,0.0,0.0,0.0,0.0,0.0,False,,,True,,True,,True,,True,0.0,0.0,0.0,0.0,0.0,1.0,,0.0,0.0,0.0,0.0,0.0,"rolling-origin h=1 (observed history, no future info)",delta,,XGBoost Baseline,XGBoost (differenced target + drift bank),0.478 [0.373-0.597],<0.001 (Lg),<0.001 (Lg),2.583 [2.104-3.049],<0.001 (Lg),<0.001 (Lg),0.129 [0.108-0.155],0.216 (Lg),0.216 (Lg),0.193 [0.149-0.238],<0.001 (Lg),<0.001 (Lg),source-retained only,0.7026359977352874,0.75,h,True,0.0,0.8457471672144552,0.8457471672144552,0.8457471672144552,4,0.8457471672144552,0.23024316466724556,0.8457471672144552,source-retained only,0.6901240834582139,True,0.0,True
M2P-PTAC (clip k=0.5),2.9539729940902597,0.19253324414797113,0.30519582228747016,0.11997126999757045,24.0,0.508016621166935,108.0,0.0,108.0,0.19253324414797113,0.347809117075838,108.0,True,0.5535600842400868,True,0.0,0.0,0.0,0.0,108.0,True,0.0,False,0.19253324414797113,0.0,0.0,0.0,0.0,0.0,0.0,0.0,0.0,0.0,0.7341686136565403,0.12921672286980243,0.17867414268736273,0.46672941236235216,0.8277261472730179,108.0,0.0,108.0,0.12921672286980243,0.1840604947672962,108.0,True,0.7020339863432857,True,0.0,0.0,0.0,0.0,108.0,True,0.0,False,0.12921672286980243,0.0,0.0,0.0,0.0,0.0,0.0,0.0,0.0,0.0,167.13515254425639,2.5828440068403644,3.6586435708624534,0.0556599217230237,0.4863075250574449,108.0,0.0,108.0,2.5828440068403644,4.854582024209203,108.0,True,0.532042510345904,True,0.0,0.0,0.0,0.0,108.0,True,0.0,False,2.5828440068403644,0.0,0.0,0.0,0.0,0.0,0.0,0.0,0.0,0.0,2.5553628337440917,0.47839469499968296,0.753841819922539,0.278612054586036,0.9384460403354579,108.0,0.0,108.0,0.47839469499968296,0.4676813270852445,108.0,True,1.0229074100118727,False,27.0,27.0,0.0,27.0,81.0,True,1.0,True,0.10576104292398833,0.6026059123582478,27.0,0.0,27.0,0.10576104292398833,0.0,0.0,0.0,0.0,0.0,1.0,True,0.0,0.0,0.0,0.009259259259259259,0.0,1.0,-9.866535374269958e-07,1.1630939861656677,1.0426524473413858,1.0426524473413858,128.0,1.0,1.0,1.0,1.0,1.0,equal_target_MAE_ratio_to_matched_differenced_XGBoost_anchor,1.1630939861656677,source-retained disjoint C-selection block,,,,,,,,,,k_sigma,,,,,,,,,True,,0.0,4.0,observed_or_degraded,anchor_residual,True,0.0,4.0,False,0.0,,0.0,1.0,underpowered degraded validation (0<8); only 0 independent degradation episode(s) < 2; rescue lower bound not positive (nan),False,431.0,0.0,431.0,1.000001,"underpowered train selector: n=431/48, pos=0/6, neg=431/12",False,0.0,,0.0,1.0,underpowered degraded validation (0<8); only 0 independent degradation episode(s) < 2; rescue lower bound not positive (nan),False,431.0,0.0,431.0,1.000001,"underpowered train selector: n=431/48, pos=0/6, neg=431/12",False,0.0,,0.0,1.0,underpowered degraded validation (0<8); only 0 independent degradation episode(s) < 2; rescue lower bound not positive (nan),True,431.0,45.0,386.0,1.000001,train-only state-aware logistic selector,False,0.0,,0.0,1.0,underpowered degraded validation (0<8); only 0 independent degradation episode(s) < 2; rescue lower bound not positive (nan),True,431.0,47.0,384.0,0.0001,train-only state-aware logistic selector,True,True,44.0,1e-12,False,0.0,0.0,False,0.0,False,0.0,False,0.0,False,0.0,0.0,0.0,0.0,0.0,0.0,0.0,False,,,True,,True,,True,,True,0.0,0.0,0.0,0.0,0.0,1.0,0.5,0.0,0.0,0.0,0.0,0.0,"rolling-origin h=1 (observed history, no future info)",delta,,XGBoost Baseline,XGBoost (differenced target + drift bank),0.478 [0.373-0.589],<0.001 (Lg),<0.001 (Lg),2.583 [2.128-3.067],<0.001 (Lg),<0.001 (Lg),0.129 [0.106-0.153],0.216 (Lg),0.216 (Lg),0.193 [0.151-0.240],<0.001 (Lg),<0.001 (Lg),source-retained only,0.7026359977352874,0.75,h,True,0.0,0.8457471672144552,0.8457471672144552,0.8457471672144552,4,0.8457471672144552,0.23024316466724556,0.8457471672144552,source-retained only,0.6901240834582139,True,0.0,True
M2P-PTAC (clip k=0.75),2.9539729940902597,0.19253324414797113,0.30519582228747016,0.11997126999757045,24.0,0.508016621166935,108.0,0.0,108.0,0.19253324414797113,0.347809117075838,108.0,True,0.5535600842400868,True,0.0,0.0,0.0,0.0,108.0,True,0.0,False,0.19253324414797113,0.0,0.0,0.0,0.0,0.0,0.0,0.0,0.0,0.0,0.7341686136565403,0.12921672286980243,0.17867414268736273,0.46672941236235216,0.8277261472730179,108.0,0.0,108.0,0.12921672286980243,0.1840604947672962,108.0,True,0.7020339863432857,True,0.0,0.0,0.0,0.0,108.0,True,0.0,False,0.12921672286980243,0.0,0.0,0.0,0.0,0.0,0.0,0.0,0.0,0.0,167.13515254425639,2.5828440068403644,3.6586435708624534,0.0556599217230237,0.4863075250574449,108.0,0.0,108.0,2.5828440068403644,4.854582024209203,108.0,True,0.532042510345904,True,0.0,0.0,0.0,0.0,108.0,True,0.0,False,2.5828440068403644,0.0,0.0,0.0,0.0,0.0,0.0,0.0,0.0,0.0,2.5553628337440917,0.47839469499968296,0.753841819922539,0.278612054586036,0.9384460403354579,108.0,0.0,108.0,0.47839469499968296,0.4676813270852445,108.0,True,1.0229074100118727,False,27.0,27.0,0.0,27.0,81.0,True,1.0,True,0.10576104292398833,0.6026059123582478,27.0,0.0,27.0,0.10576104292398833,0.0,0.0,0.0,0.0,0.0,1.0,True,0.0,0.0,0.0,0.009259259259259259,0.0,1.0,-9.866535374269958e-07,1.1630939861656677,1.0426524473413858,1.0426524473413858,128.0,1.0,1.0,1.0,1.0,1.0,equal_target_MAE_ratio_to_matched_differenced_XGBoost_anchor,1.1630939861656677,source-retained disjoint C-selection block,,,,,,,,,,k_sigma,,,,,,,,,True,,0.0,4.0,observed_or_degraded,anchor_residual,True,0.0,4.0,False,0.0,,0.0,1.0,underpowered degraded validation (0<8); only 0 independent degradation episode(s) < 2; rescue lower bound not positive (nan),False,431.0,0.0,431.0,1.000001,"underpowered train selector: n=431/48, pos=0/6, neg=431/12",False,0.0,,0.0,1.0,underpowered degraded validation (0<8); only 0 independent degradation episode(s) < 2; rescue lower bound not positive (nan),False,431.0,0.0,431.0,1.000001,"underpowered train selector: n=431/48, pos=0/6, neg=431/12",False,0.0,,0.0,1.0,underpowered degraded validation (0<8); only 0 independent degradation episode(s) < 2; rescue lower bound not positive (nan),True,431.0,45.0,386.0,1.000001,train-only state-aware logistic selector,False,0.0,,0.0,1.0,underpowered degraded validation (0<8); only 0 independent degradation episode(s) < 2; rescue lower bound not positive (nan),True,431.0,47.0,384.0,0.0,train-only state-aware logistic selector,True,True,44.0,1e-12,False,0.0,0.0,False,0.0,False,0.0,False,0.0,False,0.0,0.0,0.0,0.0,0.0,0.0,0.0,False,,,True,,True,,True,,True,0.0,0.0,0.0,0.0,0.0,1.0,0.75,0.0,0.0,0.0,0.0,0.0,"rolling-origin h=1 (observed history, no future info)",delta,,XGBoost Baseline,XGBoost (differenced target + drift bank),0.478 [0.376-0.592],<0.001 (Lg),<0.001 (Lg),2.583 [2.083-3.116],<0.001 (Lg),<0.001 (Lg),0.129 [0.107-0.153],0.216 (Lg),0.216 (Lg),0.193 [0.149-0.240],<0.001 (Lg),<0.001 (Lg),source-retained only,0.7026359977352874,0.75,h,True,0.0,0.8457471672144552,0.8457471672144552,0.8457471672144552,4,0.8457471672144552,0.23024316466724556,0.8457471672144552,source-retained only,0.6901240834582139,True,0.0,True
M2P-PTAC (clip k=1.0),2.9539729940902597,0.19253324414797113,0.30519582228747016,0.11997126999757045,24.0,0.508016621166935,108.0,0.0,108.0,0.19253324414797113,0.347809117075838,108.0,True,0.5535600842400868,True,0.0,0.0,0.0,0.0,108.0,True,0.0,False,0.19253324414797113,0.0,0.0,0.0,0.0,0.0,0.0,0.0,0.0,0.0,0.7341686136565403,0.12921672286980243,0.17867414268736273,0.46672941236235216,0.8277261472730179,108.0,0.0,108.0,0.12921672286980243,0.1840604947672962,108.0,True,0.7020339863432857,True,0.0,0.0,0.0,0.0,108.0,True,0.0,False,0.12921672286980243,0.0,0.0,0.0,0.0,0.0,0.0,0.0,0.0,0.0,167.13515254425639,2.5828440068403644,3.6586435708624534,0.0556599217230237,0.4863075250574449,108.0,0.0,108.0,2.5828440068403644,4.854582024209203,108.0,True,0.532042510345904,True,0.0,0.0,0.0,0.0,108.0,True,0.0,False,2.5828440068403644,0.0,0.0,0.0,0.0,0.0,0.0,0.0,0.0,0.0,2.5553628337440917,0.47839469499968296,0.753841819922539,0.278612054586036,0.9384460403354579,108.0,0.0,108.0,0.47839469499968296,0.4676813270852445,108.0,True,1.0229074100118727,False,27.0,27.0,0.0,27.0,81.0,True,1.0,True,0.10576104292398833,0.6026059123582478,27.0,0.0,27.0,0.10576104292398833,0.0,0.0,0.0,0.0,0.0,1.0,True,0.0,0.0,0.0,0.009259259259259259,0.0,1.0,-9.866535374269958e-07,1.1630939861656677,1.0426524473413858,1.0426524473413858,128.0,1.0,1.0,1.0,1.0,1.0,equal_target_MAE_ratio_to_matched_differenced_XGBoost_anchor,1.1630939861656677,source-retained disjoint C-selection block,,,,,,,,,,k_sigma,,,,,,,,,True,,0.0,4.0,observed_or_degraded,anchor_residual,True,0.0,4.0,False,0.0,,0.0,1.0,underpowered degraded validation (0<8); only 0 independent degradation episode(s) < 2; rescue lower bound not positive (nan),False,431.0,0.0,431.0,1.000001,"underpowered train selector: n=431/48, pos=0/6, neg=431/12",False,0.0,,0.0,1.0,underpowered degraded validation (0<8); only 0 independent degradation episode(s) < 2; rescue lower bound not positive (nan),False,431.0,0.0,431.0,1.000001,"underpowered train selector: n=431/48, pos=0/6, neg=431/12",False,0.0,,0.0,1.0,underpowered degraded validation (0<8); only 0 independent degradation episode(s) < 2; rescue lower bound not positive (nan),True,431.0,45.0,386.0,1.000001,train-only state-aware logistic selector,False,0.0,,0.0,1.0,underpowered degraded validation (0<8); only 0 independent degradation episode(s) < 2; rescue lower bound not positive (nan),True,431.0,47.0,384.0,0.0001,train-only state-aware logistic selector,True,True,44.0,1e-12,False,0.0,0.0,False,0.0,False,0.0,False,0.0,False,0.0,0.0,0.0,0.0,0.0,0.0,0.0,False,,,True,,True,,True,,True,0.0,0.0,0.0,0.0,0.0,1.0,1.0,0.0,0.0,0.0,0.0,0.0,"rolling-origin h=1 (observed history, no future info)",delta,,XGBoost Baseline,XGBoost (differenced target + drift bank),0.478 [0.375-0.597],<0.001 (Lg),<0.001 (Lg),2.583 [2.098-3.093],<0.001 (Lg),<0.001 (Lg),0.129 [0.107-0.153],0.216 (Lg),0.216 (Lg),0.193 [0.152-0.242],<0.001 (Lg),<0.001 (Lg),source-retained only,0.7026359977352874,0.75,h,True,0.0,0.8457471672144552,0.8457471672144552,0.8457471672144552,4,0.8457471672144552,0.23024316466724556,0.8457471672144552,source-retained only,0.6901240834582139,True,0.0,True
M2P-PTAC (clip k=2.0),2.9539729940902597,0.19253324414797113,0.30519582228747016,0.11997126999757045,24.0,0.508016621166935,108.0,0.0,108.0,0.19253324414797113,0.347809117075838,108.0,True,0.5535600842400868,True,0.0,0.0,0.0,0.0,108.0,True,0.0,False,0.19253324414797113,0.0,0.0,0.0,0.0,0.0,0.0,0.0,0.0,0.0,0.7341686136565403,0.12921672286980243,0.17867414268736273,0.46672941236235216,0.8277261472730179,108.0,0.0,108.0,0.12921672286980243,0.1840604947672962,108.0,True,0.7020339863432857,True,0.0,0.0,0.0,0.0,108.0,True,0.0,False,0.12921672286980243,0.0,0.0,0.0,0.0,0.0,0.0,0.0,0.0,0.0,167.13515254425639,2.5828440068403644,3.6586435708624534,0.0556599217230237,0.4863075250574449,108.0,0.0,108.0,2.5828440068403644,4.854582024209203,108.0,True,0.532042510345904,True,0.0,0.0,0.0,0.0,108.0,True,0.0,False,2.5828440068403644,0.0,0.0,0.0,0.0,0.0,0.0,0.0,0.0,0.0,2.5553628337440917,0.47839469499968296,0.753841819922539,0.278612054586036,0.9384460403354579,108.0,0.0,108.0,0.47839469499968296,0.4676813270852445,108.0,True,1.0229074100118727,False,27.0,27.0,0.0,27.0,81.0,True,1.0,True,0.10576104292398833,0.6026059123582478,27.0,0.0,27.0,0.10576104292398833,0.0,0.0,0.0,0.0,0.0,1.0,True,0.0,0.0,0.0,0.009259259259259259,0.0,1.0,-9.866535374269958e-07,1.1630939861656677,1.0426524473413858,1.0426524473413858,128.0,1.0,1.0,1.0,1.0,1.0,equal_target_MAE_ratio_to_matched_differenced_XGBoost_anchor,1.1630939861656677,source-retained disjoint C-selection block,,,,,,,,,,k_sigma,,,,,,,,,True,,0.0,4.0,observed_or_degraded,anchor_residual,True,0.0,4.0,False,0.0,,0.0,1.0,underpowered degraded validation (0<8); only 0 independent degradation episode(s) < 2; rescue lower bound not positive (nan),False,431.0,0.0,431.0,1.000001,"underpowered train selector: n=431/48, pos=0/6, neg=431/12",False,0.0,,0.0,1.0,underpowered degraded validation (0<8); only 0 independent degradation episode(s) < 2; rescue lower bound not positive (nan),False,431.0,0.0,431.0,1.000001,"underpowered train selector: n=431/48, pos=0/6, neg=431/12",False,0.0,,0.0,1.0,underpowered degraded validation (0<8); only 0 independent degradation episode(s) < 2; rescue lower bound not positive (nan),True,431.0,45.0,386.0,1.000001,train-only state-aware logistic selector,False,0.0,,0.0,1.0,underpowered degraded validation (0<8); only 0 independent degradation episode(s) < 2; rescue lower bound not positive (nan),True,431.0,47.0,384.0,0.0001,train-only state-aware logistic selector,True,True,44.0,1e-12,False,0.0,0.0,False,0.0,False,0.0,False,0.0,False,0.0,0.0,0.0,0.0,0.0,0.0,0.0,False,,,True,,True,,True,,True,0.0,0.0,0.0,0.0,0.0,1.0,2.0,0.0,0.0,0.0,0.0,0.0,"rolling-origin h=1 (observed history, no future info)",delta,,XGBoost Baseline,XGBoost (differenced target + drift bank),0.478 [0.376-0.594],<0.001 (Lg),<0.001 (Lg),2.583 [2.116-3.102],<0.001 (Lg),<0.001 (Lg),0.129 [0.107-0.153],0.216 (Lg),0.216 (Lg),0.193 [0.150-0.238],<0.001 (Lg),<0.001 (Lg),source-retained only,0.7026359977352874,0.75,h,True,0.0,0.8457471672144552,0.8457471672144552,0.8457471672144552,4,0.8457471672144552,0.23024316466724556,0.8457471672144552,source-retained only,0.6901240834582139,True,0.0,True
M2P-PTAC (clip k=3.0),2.9539729940902597,0.19253324414797113,0.30519582228747016,0.11997126999757045,24.0,0.508016621166935,108.0,0.0,108.0,0.19253324414797113,0.347809117075838,108.0,True,0.5535600842400868,True,0.0,0.0,0.0,0.0,108.0,True,0.0,False,0.19253324414797113,0.0,0.0,0.0,0.0,0.0,0.0,0.0,0.0,0.0,0.7341686136565403,0.12921672286980243,0.17867414268736273,0.46672941236235216,0.8277261472730179,108.0,0.0,108.0,0.12921672286980243,0.1840604947672962,108.0,True,0.7020339863432857,True,0.0,0.0,0.0,0.0,108.0,True,0.0,False,0.12921672286980243,0.0,0.0,0.0,0.0,0.0,0.0,0.0,0.0,0.0,167.13515254425639,2.5828440068403644,3.6586435708624534,0.0556599217230237,0.4863075250574449,108.0,0.0,108.0,2.5828440068403644,4.854582024209203,108.0,True,0.532042510345904,True,0.0,0.0,0.0,0.0,108.0,True,0.0,False,2.5828440068403644,0.0,0.0,0.0,0.0,0.0,0.0,0.0,0.0,0.0,2.5553628337440917,0.47839469499968296,0.753841819922539,0.278612054586036,0.9384460403354579,108.0,0.0,108.0,0.47839469499968296,0.4676813270852445,108.0,True,1.0229074100118727,False,27.0,27.0,0.0,27.0,81.0,True,1.0,True,0.10576104292398833,0.6026059123582478,27.0,0.0,27.0,0.10576104292398833,0.0,0.0,0.0,0.0,0.0,1.0,True,0.0,0.0,0.0,0.009259259259259259,0.0,1.0,-9.866535374269958e-07,1.1630939861656677,1.0426524473413858,1.0426524473413858,128.0,1.0,1.0,1.0,1.0,1.0,equal_target_MAE_ratio_to_matched_differenced_XGBoost_anchor,1.1630939861656677,source-retained disjoint C-selection block,,,,,,,,,,k_sigma,,,,,,,,,True,,0.0,4.0,observed_or_degraded,anchor_residual,True,0.0,4.0,False,0.0,,0.0,1.0,underpowered degraded validation (0<8); only 0 independent degradation episode(s) < 2; rescue lower bound not positive (nan),False,431.0,0.0,431.0,1.000001,"underpowered train selector: n=431/48, pos=0/6, neg=431/12",False,0.0,,0.0,1.0,underpowered degraded validation (0<8); only 0 independent degradation episode(s) < 2; rescue lower bound not positive (nan),False,431.0,0.0,431.0,1.000001,"underpowered train selector: n=431/48, pos=0/6, neg=431/12",False,0.0,,0.0,1.0,underpowered degraded validation (0<8); only 0 independent degradation episode(s) < 2; rescue lower bound not positive (nan),True,431.0,45.0,386.0,1.000001,train-only state-aware logistic selector,False,0.0,,0.0,1.0,underpowered degraded validation (0<8); only 0 independent degradation episode(s) < 2; rescue lower bound not positive (nan),True,431.0,47.0,384.0,0.0,train-only state-aware logistic selector,True,True,44.0,1e-12,False,0.0,0.0,False,0.0,False,0.0,False,0.0,False,0.0,0.0,0.0,0.0,0.0,0.0,0.0,False,,,True,,True,,True,,True,0.0,0.0,0.0,0.0,0.0,1.0,3.0,0.0,0.0,0.0,0.0,0.0,"rolling-origin h=1 (observed history, no future info)",delta,,XGBoost Baseline,XGBoost (differenced target + drift bank),0.478 [0.374-0.593],<0.001 (Lg),<0.001 (Lg),2.583 [2.122-3.079],<0.001 (Lg),<0.001 (Lg),0.129 [0.107-0.155],0.216 (Lg),0.216 (Lg),0.193 [0.153-0.237],<0.001 (Lg),<0.001 (Lg),source-retained only,0.7026359977352874,0.75,h,True,0.0,0.8457471672144552,0.8457471672144552,0.8457471672144552,4,0.8457471672144552,0.23024316466724556,0.8457471672144552,source-retained only,0.6901240834582139,True,0.0,True
"M2P-PTAC (unbounded, as submitted)",2.9539729940902597,0.19253324414797113,0.30519582228747016,0.11997126999757045,24.0,0.508016621166935,108.0,0.0,108.0,0.19253324414797113,0.347809117075838,108.0,True,0.5535600842400868,True,0.0,0.0,0.0,0.0,108.0,True,0.0,False,0.19253324414797113,0.0,0.0,0.0,0.0,0.0,0.0,0.0,0.0,0.0,0.7341686136565403,0.12921672286980243,0.17867414268736273,0.46672941236235216,0.8277261472730179,108.0,0.0,108.0,0.12921672286980243,0.1840604947672962,108.0,True,0.7020339863432857,True,0.0,0.0,0.0,0.0,108.0,True,0.0,False,0.12921672286980243,0.0,0.0,0.0,0.0,0.0,0.0,0.0,0.0,0.0,167.13515254425639,2.5828440068403644,3.6586435708624534,0.0556599217230237,0.4863075250574449,108.0,0.0,108.0,2.5828440068403644,4.854582024209203,108.0,True,0.532042510345904,True,0.0,0.0,0.0,0.0,108.0,True,0.0,False,2.5828440068403644,0.0,0.0,0.0,0.0,0.0,0.0,0.0,0.0,0.0,2.5553628337440917,0.47839469499968296,0.753841819922539,0.278612054586036,0.9384460403354579,108.0,0.0,108.0,0.47839469499968296,0.4676813270852445,108.0,True,1.0229074100118727,False,27.0,27.0,0.0,27.0,81.0,True,1.0,True,0.10576104292398833,0.6026059123582478,27.0,0.0,27.0,0.10576104292398833,0.0,0.0,0.0,0.0,0.0,1.0,True,0.0,0.0,0.0,0.009259259259259259,0.0,1.0,-9.866535374269958e-07,1.1630939861656677,1.0426524473413858,1.0426524473413858,128.0,1.0,1.0,1.0,1.0,1.0,equal_target_MAE_ratio_to_matched_differenced_XGBoost_anchor,1.1630939861656677,source-retained disjoint C-selection block,,,,,,,,,,none,,,,,,,,,True,,0.0,4.0,observed_or_degraded,anchor_residual,True,0.0,4.0,False,0.0,,0.0,1.0,underpowered degraded validation (0<8); only 0 independent degradation episode(s) < 2; rescue lower bound not positive (nan),False,431.0,0.0,431.0,1.000001,"underpowered train selector: n=431/48, pos=0/6, neg=431/12",False,0.0,,0.0,1.0,underpowered degraded validation (0<8); only 0 independent degradation episode(s) < 2; rescue lower bound not positive (nan),False,431.0,0.0,431.0,1.000001,"underpowered train selector: n=431/48, pos=0/6, neg=431/12",False,0.0,,0.0,1.0,underpowered degraded validation (0<8); only 0 independent degradation episode(s) < 2; rescue lower bound not positive (nan),True,431.0,45.0,386.0,1.000001,train-only state-aware logistic selector,False,0.0,,0.0,1.0,underpowered degraded validation (0<8); only 0 independent degradation episode(s) < 2; rescue lower bound not positive (nan),True,431.0,47.0,384.0,0.0,train-only state-aware logistic selector,True,True,44.0,1e-12,False,0.0,0.0,False,0.0,False,0.0,False,0.0,False,0.0,0.0,0.0,0.0,0.0,0.0,0.0,False,,,True,,True,,True,,True,,,,,,1.0,,,,,,,"rolling-origin h=1 (observed history, no future info)",delta,,XGBoost Baseline,XGBoost (differenced target + drift bank),0.478 [0.371-0.596],<0.001 (Lg),<0.001 (Lg),2.583 [2.117-3.086],<0.001 (Lg),<0.001 (Lg),0.129 [0.107-0.152],0.216 (Lg),0.216 (Lg),0.193 [0.151-0.239],<0.001 (Lg),<0.001 (Lg),source-retained only,0.7026359977352874,0.75,h,True,0.0,0.8457471672144552,0.8457471672144552,0.8457471672144552,4,0.8457471672144552,0.23024316466724556,0.8457471672144552,source-retained only,0.6901240834582139,True,0.0,True
M2P-PTAC (conformal a=0.2),2.9539729940902597,0.19253324414797113,0.30519582228747016,0.11997126999757045,24.0,0.508016621166935,108.0,0.0,108.0,0.19253324414797113,0.347809117075838,108.0,True,0.5535600842400868,True,0.0,0.0,0.0,0.0,108.0,True,0.0,False,0.19253324414797113,0.0,0.0,0.0,0.0,0.0,0.0,0.0,0.0,0.0,0.7341686136565403,0.12921672286980243,0.17867414268736273,0.46672941236235216,0.8277261472730179,108.0,0.0,108.0,0.12921672286980243,0.1840604947672962,108.0,True,0.7020339863432857,True,0.0,0.0,0.0,0.0,108.0,True,0.0,False,0.12921672286980243,0.0,0.0,0.0,0.0,0.0,0.0,0.0,0.0,0.0,167.13515254425639,2.5828440068403644,3.6586435708624534,0.0556599217230237,0.4863075250574449,108.0,0.0,108.0,2.5828440068403644,4.854582024209203,108.0,True,0.532042510345904,True,0.0,0.0,0.0,0.0,108.0,True,0.0,False,2.5828440068403644,0.0,0.0,0.0,0.0,0.0,0.0,0.0,0.0,0.0,2.5553628337440917,0.47839469499968296,0.753841819922539,0.278612054586036,0.9384460403354579,108.0,0.0,108.0,0.47839469499968296,0.4676813270852445,108.0,True,1.0229074100118727,False,27.0,27.0,0.0,27.0,81.0,True,1.0,True,0.10576104292398833,0.6026059123582478,27.0,0.0,27.0,0.10576104292398833,0.0,0.0,0.0,0.0,0.0,1.0,True,0.0,0.0,0.0,0.009259259259259259,0.0,1.0,-9.866535374269958e-07,1.1630939861656677,1.0426524473413858,1.0426524473413858,128.0,1.0,1.0,1.0,1.0,1.0,equal_target_MAE_ratio_to_matched_differenced_XGBoost_anchor,1.1630939861656677,source-retained disjoint C-selection block,0.2,0.0,44.0,0.0,44.0,0.0,44.0,0.0,44.0,conformal,True,4.0,True,4.0,True,4.0,True,4.0,True,,0.0,4.0,observed_or_degraded,anchor_residual,True,0.0,4.0,False,0.0,,0.0,1.0,underpowered degraded validation (0<8); only 0 independent degradation episode(s) < 2; rescue lower bound not positive (nan),False,431.0,0.0,431.0,1.000001,"underpowered train selector: n=431/48, pos=0/6, neg=431/12",False,0.0,,0.0,1.0,underpowered degraded validation (0<8); only 0 independent degradation episode(s) < 2; rescue lower bound not positive (nan),False,431.0,0.0,431.0,1.000001,"underpowered train selector: n=431/48, pos=0/6, neg=431/12",False,0.0,,0.0,1.0,underpowered degraded validation (0<8); only 0 independent degradation episode(s) < 2; rescue lower bound not positive (nan),True,431.0,45.0,386.0,1.000001,train-only state-aware logistic selector,False,0.0,,0.0,1.0,underpowered degraded validation (0<8); only 0 independent degradation episode(s) < 2; rescue lower bound not positive (nan),True,431.0,47.0,384.0,0.0001,train-only state-aware logistic selector,True,True,44.0,1e-12,False,0.0,0.0,False,0.0,False,0.0,False,0.0,False,0.0,0.0,0.0,0.0,0.0,0.0,0.0,False,,,True,,True,,True,,True,0.0,0.0,0.0,0.0,0.0,1.0,,0.0,0.0,0.0,0.0,0.0,"rolling-origin h=1 (observed history, no future info)",delta,,XGBoost Baseline,XGBoost (differenced target + drift bank),0.478 [0.375-0.592],<0.001 (Lg),<0.001 (Lg),2.583 [2.130-3.115],<0.001 (Lg),<0.001 (Lg),0.129 [0.107-0.152],0.216 (Lg),0.216 (Lg),0.193 [0.153-0.238],<0.001 (Lg),<0.001 (Lg),source-retained only,0.7026359977352874,0.75,h,True,0.0,0.8457471672144552,0.8457471672144552,0.8457471672144552,4,0.8457471672144552,0.23024316466724556,0.8457471672144552,source-retained only,0.6901240834582139,True,0.0,True
M2P-PTAC (conformal a=0.1),2.9539729940902597,0.19253324414797113,0.30519582228747016,0.11997126999757045,24.0,0.508016621166935,108.0,0.0,108.0,0.19253324414797113,0.347809117075838,108.0,True,0.5535600842400868,True,0.0,0.0,0.0,0.0,108.0,True,0.0,False,0.19253324414797113,0.0,0.0,0.0,0.0,0.0,0.0,0.0,0.0,0.0,0.7341686136565403,0.12921672286980243,0.17867414268736273,0.46672941236235216,0.8277261472730179,108.0,0.0,108.0,0.12921672286980243,0.1840604947672962,108.0,True,0.7020339863432857,True,0.0,0.0,0.0,0.0,108.0,True,0.0,False,0.12921672286980243,0.0,0.0,0.0,0.0,0.0,0.0,0.0,0.0,0.0,167.13515254425639,2.5828440068403644,3.6586435708624534,0.0556599217230237,0.4863075250574449,108.0,0.0,108.0,2.5828440068403644,4.854582024209203,108.0,True,0.532042510345904,True,0.0,0.0,0.0,0.0,108.0,True,0.0,False,2.5828440068403644,0.0,0.0,0.0,0.0,0.0,0.0,0.0,0.0,0.0,2.5553628337440917,0.47839469499968296,0.753841819922539,0.278612054586036,0.9384460403354579,108.0,0.0,108.0,0.47839469499968296,0.4676813270852445,108.0,True,1.0229074100118727,False,27.0,27.0,0.0,27.0,81.0,True,1.0,True,0.10576104292398833,0.6026059123582478,27.0,0.0,27.0,0.10576104292398833,0.0,0.0,0.0,0.0,0.0,1.0,True,0.0,0.0,0.0,0.009259259259259259,0.0,1.0,-9.866535374269958e-07,1.1630939861656677,1.0426524473413858,1.0426524473413858,128.0,1.0,1.0,1.0,1.0,1.0,equal_target_MAE_ratio_to_matched_differenced_XGBoost_anchor,1.1630939861656677,source-retained disjoint C-selection block,0.1,0.0,44.0,0.13954423367977142,44.0,0.0,44.0,0.0,44.0,conformal,True,9.0,True,9.0,True,9.0,True,9.0,True,,0.0,4.0,observed_or_degraded,anchor_residual,True,0.0,4.0,False,0.0,,0.0,1.0,underpowered degraded validation (0<8); only 0 independent degradation episode(s) < 2; rescue lower bound not positive (nan),False,431.0,0.0,431.0,1.000001,"underpowered train selector: n=431/48, pos=0/6, neg=431/12",False,0.0,,0.0,1.0,underpowered degraded validation (0<8); only 0 independent degradation episode(s) < 2; rescue lower bound not positive (nan),False,431.0,0.0,431.0,1.000001,"underpowered train selector: n=431/48, pos=0/6, neg=431/12",False,0.0,,0.0,1.0,underpowered degraded validation (0<8); only 0 independent degradation episode(s) < 2; rescue lower bound not positive (nan),True,431.0,45.0,386.0,1.000001,train-only state-aware logistic selector,False,0.0,,0.0,1.0,underpowered degraded validation (0<8); only 0 independent degradation episode(s) < 2; rescue lower bound not positive (nan),True,431.0,47.0,384.0,0.0,train-only state-aware logistic selector,True,True,44.0,1e-12,False,0.0,0.0,False,0.0,False,0.0,False,0.0,False,0.0,0.0,0.0,0.0,0.0,0.0,0.0,False,,,True,,True,,True,,True,0.0,0.0,0.0,0.0,0.0,1.0,,0.0,0.0,0.0,0.0,0.0,"rolling-origin h=1 (observed history, no future info)",delta,,XGBoost Baseline,XGBoost (differenced target + drift bank),0.478 [0.372-0.595],<0.001 (Lg),<0.001 (Lg),2.583 [2.134-3.061],<0.001 (Lg),<0.001 (Lg),0.129 [0.107-0.152],0.216 (Lg),0.216 (Lg),0.193 [0.149-0.238],<0.001 (Lg),<0.001 (Lg),source-retained only,0.7026359977352874,0.75,h,True,0.0,0.8457471672144552,0.8457471672144552,0.8457471672144552,4,0.8457471672144552,0.23024316466724556,0.8457471672144552,source-retained only,0.6901240834582139,True,0.0,True
M2P-PTAC (conformal a=0.05),2.9539729940902597,0.19253324414797113,0.30519582228747016,0.11997126999757045,24.0,0.508016621166935,108.0,0.0,108.0,0.19253324414797113,0.347809117075838,108.0,True,0.5535600842400868,True,0.0,0.0,0.0,0.0,108.0,True,0.0,False,0.19253324414797113,0.0,0.0,0.0,0.0,0.0,0.0,0.0,0.0,0.0,0.7341686136565403,0.12921672286980243,0.17867414268736273,0.46672941236235216,0.8277261472730179,108.0,0.0,108.0,0.12921672286980243,0.1840604947672962,108.0,True,0.7020339863432857,True,0.0,0.0,0.0,0.0,108.0,True,0.0,False,0.12921672286980243,0.0,0.0,0.0,0.0,0.0,0.0,0.0,0.0,0.0,167.13515254425639,2.5828440068403644,3.6586435708624534,0.0556599217230237,0.4863075250574449,108.0,0.0,108.0,2.5828440068403644,4.854582024209203,108.0,True,0.532042510345904,True,0.0,0.0,0.0,0.0,108.0,True,0.0,False,2.5828440068403644,0.0,0.0,0.0,0.0,0.0,0.0,0.0,0.0,0.0,2.5553628337440917,0.47839469499968296,0.753841819922539,0.278612054586036,0.9384460403354579,108.0,0.0,108.0,0.47839469499968296,0.4676813270852445,108.0,True,1.0229074100118727,False,27.0,27.0,0.0,27.0,81.0,True,1.0,True,0.10576104292398833,0.6026059123582478,27.0,0.0,27.0,0.10576104292398833,0.0,0.0,0.0,0.0,0.0,1.0,True,0.0,0.0,0.0,0.009259259259259259,0.0,1.0,-9.866535374269958e-07,1.1630939861656677,1.0426524473413858,1.0426524473413858,128.0,1.0,1.0,1.0,1.0,1.0,equal_target_MAE_ratio_to_matched_differenced_XGBoost_anchor,1.1630939861656677,source-retained disjoint C-selection block,0.05,0.0,44.0,0.22848492860794067,44.0,0.0,44.0,0.0,44.0,conformal,True,19.0,True,19.0,True,19.0,True,19.0,True,,0.0,4.0,observed_or_degraded,anchor_residual,True,0.0,4.0,False,0.0,,0.0,1.0,underpowered degraded validation (0<8); only 0 independent degradation episode(s) < 2; rescue lower bound not positive (nan),False,431.0,0.0,431.0,1.000001,"underpowered train selector: n=431/48, pos=0/6, neg=431/12",False,0.0,,0.0,1.0,underpowered degraded validation (0<8); only 0 independent degradation episode(s) < 2; rescue lower bound not positive (nan),False,431.0,0.0,431.0,1.000001,"underpowered train selector: n=431/48, pos=0/6, neg=431/12",False,0.0,,0.0,1.0,underpowered degraded validation (0<8); only 0 independent degradation episode(s) < 2; rescue lower bound not positive (nan),True,431.0,45.0,386.0,1.000001,train-only state-aware logistic selector,False,0.0,,0.0,1.0,underpowered degraded validation (0<8); only 0 independent degradation episode(s) < 2; rescue lower bound not positive (nan),True,431.0,47.0,384.0,0.0001,train-only state-aware logistic selector,True,True,44.0,1e-12,False,0.0,0.0,False,0.0,False,0.0,False,0.0,False,0.0,0.0,0.0,0.0,0.0,0.0,0.0,False,,,True,,True,,True,,True,0.0,0.0,0.0,0.0,0.0,1.0,,0.0,0.0,0.0,0.0,0.0,"rolling-origin h=1 (observed history, no future info)",delta,,XGBoost Baseline,XGBoost (differenced target + drift bank),0.478 [0.373-0.596],<0.001 (Lg),<0.001 (Lg),2.583 [2.135-3.092],<0.001 (Lg),<0.001 (Lg),0.129 [0.107-0.153],0.216 (Lg),0.216 (Lg),0.193 [0.149-0.236],<0.001 (Lg),<0.001 (Lg),source-retained only,0.7026359977352874,0.75,h,True,0.0,0.8457471672144552,0.8457471672144552,0.8457471672144552,4,0.8457471672144552,0.23024316466724556,0.8457471672144552,source-retained only,0.6901240834582139,True,0.0,True
M2P-PTAC (R9 gate disabled; R19 retained),2.9539729940902597,0.19253324414797113,0.30519582228747016,0.11997126999757045,24.0,0.508016621166935,108.0,0.0,108.0,0.19253324414797113,0.347809117075838,108.0,True,0.5535600842400868,True,0.0,0.0,0.0,0.0,108.0,True,0.0,False,0.19253324414797113,0.0,0.0,0.0,0.0,0.0,0.0,0.0,0.0,0.0,0.7341686136565403,0.12921672286980243,0.17867414268736273,0.46672941236235216,0.8277261472730179,108.0,0.0,108.0,0.12921672286980243,0.1840604947672962,108.0,True,0.7020339863432857,True,0.0,0.0,0.0,0.0,108.0,True,0.0,False,0.12921672286980243,0.0,0.0,0.0,0.0,0.0,0.0,0.0,0.0,0.0,167.13515254425639,2.5828440068403644,3.6586435708624534,0.0556599217230237,0.4863075250574449,108.0,0.0,108.0,2.5828440068403644,4.854582024209203,108.0,True,0.532042510345904,True,0.0,0.0,0.0,0.0,108.0,True,0.0,False,2.5828440068403644,0.0,0.0,0.0,0.0,0.0,0.0,0.0,0.0,0.0,2.5553628337440917,0.47839469499968296,0.753841819922539,0.278612054586036,0.9384460403354579,108.0,0.0,108.0,0.47839469499968296,0.4676813270852445,108.0,True,1.0229074100118727,False,27.0,27.0,0.0,27.0,81.0,True,1.0,True,0.10576104292398833,0.6026059123582478,27.0,0.0,27.0,0.10576104292398833,0.0,0.0,0.0,0.0,0.0,1.0,True,0.0,0.0,0.0,0.009259259259259259,0.0,1.0,-9.866535374269958e-07,1.1630939861656677,1.0426524473413858,1.0426524473413858,128.0,1.0,1.0,1.0,1.0,1.0,equal_target_MAE_ratio_to_matched_differenced_XGBoost_anchor,1.1630939861656677,source-retained disjoint C-selection block,0.1,0.0,44.0,0.35550403594970703,44.0,0.0,44.0,0.0,44.0,conformal,True,9.0,True,9.0,True,9.0,True,9.0,True,,0.0,4.0,observed_or_degraded,anchor_residual,True,0.0,4.0,False,0.0,,0.0,1.0,underpowered degraded validation (0<8); only 0 independent degradation episode(s) < 2; rescue lower bound not positive (nan),False,431.0,0.0,431.0,1.000001,"underpowered train selector: n=431/48, pos=0/6, neg=431/12",False,0.0,,0.0,1.0,underpowered degraded validation (0<8); only 0 independent degradation episode(s) < 2; rescue lower bound not positive (nan),False,431.0,0.0,431.0,1.000001,"underpowered train selector: n=431/48, pos=0/6, neg=431/12",False,0.0,,0.0,1.0,underpowered degraded validation (0<8); only 0 independent degradation episode(s) < 2; rescue lower bound not positive (nan),True,431.0,45.0,386.0,1.000001,train-only state-aware logistic selector,False,0.0,,0.0,1.0,underpowered degraded validation (0<8); only 0 independent degradation episode(s) < 2; rescue lower bound not positive (nan),True,431.0,47.0,384.0,0.0,train-only state-aware logistic selector,True,True,44.0,1e-12,False,0.0,0.0,False,0.0,False,0.0,False,0.0,False,0.0,0.0,0.0,0.0,0.0,0.0,0.0,False,,,True,,True,,True,,True,0.0,0.0,0.0,0.0,0.0,1.0,,0.0,0.0,0.0,0.0,0.0,"rolling-origin h=1 (observed history, no future info)",delta,,XGBoost Baseline,XGBoost (differenced target + drift bank),0.478 [0.377-0.596],<0.001 (Lg),<0.001 (Lg),2.583 [2.090-3.093],<0.001 (Lg),<0.001 (Lg),0.129 [0.108-0.154],0.216 (Lg),0.216 (Lg),0.193 [0.148-0.238],<0.001 (Lg),<0.001 (Lg),source-retained only,0.7026359977352874,0.75,h,True,0.0,0.8457471672144552,0.8457471672144552,0.8457471672144552,4,0.8457471672144552,0.23024316466724556,0.8457471672144552,source-retained only,0.6901240834582139,True,0.0,True
Ablation: M2P-Monolithic (no parity anchor),,1.0765358487078798,1.241291321142645,0.6458864212263428,,,,,,,0.3486408257971029,98.0,True,3.0878077638973553,False,,,,,,,,,,,,,,,,,,,,0.43134350749848754,0.600005286874629,1.570339154506107,,,,,,0.18087618602376485,98.0,True,2.3847445978422748,False,,,,,,,,,,,,,,,,,,,,40.35133078883054,45.30427588694363,0.8999011031413152,,,,,,4.869675412469871,98.0,True,8.28624648893479,False,,,,,,,,,,,,,,,,,,,,0.9284645788539949,1.1495976957383947,0.5534375422412074,,,,,,0.4626743186393881,98.0,True,2.006734632655605,False,,,,,,,,,,,,,,,,,,,,,,0.0,0.0,0.0,0.0,,,,,,,,,,,,,,,,,,,,,,,,,,,,,,,,,,,,,,,,,,,,,,,,,,,,,,,,,,,,,,,,,,,,,,,,,,,,,,,,,,,,,,,,,,,,,,,,,,,,,,,,,,,,,,,,,,,,,,,,,,,,,,,,,,,,,,"rolling-origin h=1 (observed history, no future info)",level,,XGBoost Baseline,XGBoost (differenced target + drift bank),nan [0.794-1.059],1.000 (Lg),1.000 (Lg),nan [36.214-44.604],1.000 (Lg),1.000 (Lg),nan [0.348-0.515],1.000 (Lg),1.000 (Lg),nan [0.956-1.197],0.679 (Lg),0.679 (Lg),source-retained only,3.941383370832506,0.0,h,True,0.0,10.696918680972725,10.696918680972725,,0,,0.9173910552787432,,source-retained only,,False,,False
"Ablation: M2P-Monolithic (tuned, C-T7) (no parity anchor)",,0.7582268951826222,0.9755698237792783,0.45491142389253963,,,,,,,0.3486408257971029,98.0,True,2.1748081093173077,False,,,,,,,,,,,,,,,,,,,,0.17862725923474293,0.23740551464851245,0.6503062509626691,,,,,,0.18087618602376485,98.0,True,0.9875664849062749,True,,,,,,,,,,,,,,,,,,,,17.815938663382745,22.871031022529603,0.3973247608753971,,,,,,4.869675412469871,98.0,True,3.658547470692016,False,,,,,,,,,,,,,,,,,,,,1.7327662853690515,1.9645233513863904,1.0328642967045036,,,,,,0.4626743186393881,98.0,True,3.745110146732788,False,,,,,,,,,,,,,,,,,,,,,,0.0,0.0,0.0,0.0,,,,,,,,,,,,,,,,,,,,,,,,,,,,,,,,,,,,,,,,,,,,,,,,,,,,,,,,,,,,,,,,,,,,,,,,,,,,,,,,,,,,,,,,,,,,,,,,,,,,,,,,,,,,,,,,,,,,,,,,,,,,,,,,,,,,,,"rolling-origin h=1 (observed history, no future info)",level,,XGBoost Baseline,XGBoost (differenced target + drift bank),nan [1.549-1.916],1.000 (Lg),1.000 (Lg),nan [15.045-20.654],1.000 (Lg),1.000 (Lg),nan [0.150-0.211],1.000 (Lg),1.000 (Lg),nan [0.632-0.883],<0.001 (Lg),<0.001 (Lg),source-retained only,2.641508052912097,0.25,h,True,0.0,5.121389775792291,5.121389775792291,,0,,0.6338516831087774,,source-retained only,,False,,False
XGBoost Baseline,2.9539729940902597,1.1395941516612569,1.4153189668288046,0.7101036408628218,24.0,3.006923676950114,108.0,0.0,108.0,1.1395941516612569,0.347809117075838,108.0,True,3.2764930409020137,False,0.0,0.0,0.0,0.0,108.0,True,0.0,False,1.1395941516612569,0.0,0.0,0.0,0.0,0.0,0.0,0.0,0.0,,0.7341686136565403,0.15785183303716066,0.20074429350406775,0.570159122112913,1.0111546454515996,108.0,0.0,108.0,0.15785183303716066,0.1840604947672962,108.0,True,0.8576084359478084,True,0.0,0.0,0.0,0.0,108.0,True,0.0,False,0.15785183303716066,0.0,0.0,0.0,0.0,0.0,0.0,0.0,0.0,,167.13515254425639,5.5261255481191025,6.677553534394954,0.11908722115052658,1.0404795765231107,108.0,0.0,108.0,5.5261255481191025,4.854582024209203,108.0,True,1.138331893572092,False,0.0,0.0,0.0,0.0,108.0,True,0.0,False,5.5261255481191025,0.0,0.0,0.0,0.0,0.0,0.0,0.0,0.0,,2.5553628337440917,0.9883845794016181,1.1947655307859715,0.5756248162167065,1.9388709878329442,108.0,0.0,108.0,0.9883845794016181,0.4676813270852445,108.0,True,2.1133719098035844,False,27.0,27.0,0.0,27.0,81.0,True,1.0,True,1.2449377951798615,0.9028668408088698,27.0,0.0,27.0,1.2449377951798615,0.0,0.0,0.0,0.0,,0.0,True,0.0,0.0,0.0,0.0,0.0,0.0,,,,,,,,,,,,,,,,,,,,,,,,,,,,,,,,,,,,,,,,,,,,,,,,,,,,,,,,,,,,,,,,,,,,,,,,,,,,,,,,,,,,,,,,,,False,0.0,,,,,,,,,,,,,,,,,,,,,,,,,,,,,,,,,,,,,,,,,"rolling-origin h=1 (observed history, no future info)",level,136.0,XGBoost Baseline,XGBoost (differenced target + drift bank),0.988 [0.863-1.123],Ref,Ref,5.526 [4.834-6.255],Ref,Ref,0.158 [0.135-0.181],Ref,Ref,1.140 [0.983-1.293],Ref,Ref,source-retained only,1.8464513200563746,0.25,h,True,0.0,1.9529890280547846,1.9529890280547846,1.9529890280547846,4,1.9529890280547846,0.493743700085742,1.9529890280547846,source-retained only,1.749357221689442,False,,False
LightGBM Baseline,2.9539729940902597,0.894515543014891,1.1023912478013376,0.557390315646399,24.0,2.360261292821101,108.0,0.0,108.0,0.894515543014891,0.347809117075838,108.0,True,2.5718576630061323,False,0.0,0.0,0.0,0.0,108.0,True,0.0,False,0.894515543014891,0.0,0.0,0.0,0.0,0.0,0.0,0.0,0.0,,0.7341686136565403,0.13490476491115594,0.19182762051091717,0.48727455900044025,0.8641621519932456,108.0,0.0,108.0,0.13490476491115594,0.1840604947672962,108.0,True,0.7329370981084952,True,0.0,0.0,0.0,0.0,108.0,True,0.0,False,0.13490476491115594,0.0,0.0,0.0,0.0,0.0,0.0,0.0,0.0,,167.13515254425639,11.424585677498406,17.675732306854773,0.24619819967580447,2.1510636999048036,108.0,0.0,108.0,11.424585677498406,4.854582024209203,108.0,True,2.353361344092118,False,0.0,0.0,0.0,0.0,108.0,True,0.0,False,11.424585677498406,0.0,0.0,0.0,0.0,0.0,0.0,0.0,0.0,,2.5553628337440917,0.920344378354294,1.0594398831299268,0.5359989165017138,1.8053994884122995,108.0,0.0,108.0,0.920344378354294,0.4676813270852445,108.0,True,1.9678878010593361,False,27.0,27.0,0.0,27.0,81.0,True,1.0,True,0.6760354189039384,1.001780698171079,27.0,0.0,27.0,0.6760354189039384,0.0,0.0,0.0,0.0,,0.0,True,0.0,0.0,0.0,0.0,0.0,0.0,,,,,,,,,,,,,,,,,,,,,,,,,,,,,,,,,,,,,,,,,,,,,,,,,,,,,,,,,,,,,,,,,,,,,,,,,,,,,,,,,,,,,,,,,,False,0.0,,,,,,,,,,,,,,,,,,,,,,,,,,,,,,,,,,,,,,,,,"rolling-origin h=1 (observed history, no future info)",level,136.0,XGBoost Baseline,XGBoost (differenced target + drift bank),0.920 [0.822-1.013],0.939 (Lg),0.939 (Lg),11.425 [9.047-14.144],1.000 (Lg),1.000 (Lg),0.135 [0.111-0.163],0.216 (Lg),0.216 (Lg),0.895 [0.774-1.023],0.029 (Lg),0.029 (Lg),source-retained only,1.9065109765665205,0.25,h,True,0.0,3.343587590944687,3.343587590944687,3.343587590944687,4,3.343587590944687,0.4567154977060894,3.343587590944687,source-retained only,1.7952216582828624,False,,False
XGBoost (differenced target),2.9539729940902597,0.21294629304919432,0.3447621307602828,0.13269104424767397,24.0,0.5618783226949311,108.0,0.0,108.0,0.21294629304919432,0.347809117075838,108.0,True,0.6122504632411992,True,0.0,0.0,0.0,0.0,108.0,True,0.0,False,0.21294629304919432,0.0,0.0,0.0,0.0,0.0,0.0,0.0,0.0,,0.7341686136565403,0.14480877893604688,0.19697638631701472,0.5230477510703507,0.9276044928086906,108.0,0.0,108.0,0.14480877893604688,0.1840604947672962,108.0,True,0.7867455703578629,True,0.0,0.0,0.0,0.0,108.0,True,0.0,False,0.14480877893604688,0.0,0.0,0.0,0.0,0.0,0.0,0.0,0.0,,167.13515254425639,2.621689461022043,3.731871454524683,0.05649703574668187,0.49362149238678976,108.0,0.0,108.0,2.621689461022043,4.854582024209203,108.0,True,0.5400443226518783,True,0.0,0.0,0.0,0.0,108.0,True,0.0,False,2.621689461022043,0.0,0.0,0.0,0.0,0.0,0.0,0.0,0.0,,2.5553628337440917,0.47538185962421575,0.7554576126589965,0.2768574108517676,0.9325358923805528,108.0,0.0,108.0,0.47538185962421575,0.4676813270852445,108.0,True,1.0164653410196292,False,27.0,27.0,0.0,27.0,81.0,True,1.0,True,0.07903703010100627,0.6074968027986188,27.0,0.0,27.0,0.07903703010100627,0.0,0.0,0.0,0.0,,0.0,True,0.0,0.0,0.0,0.0,0.0,0.0,,,,,,,,,,,,,,,,,,,,,,,,,,,,,,,,,,,,,,,,,,,,,,,,,,,,,,,,,,,,,,,,,,,,,,,,,,,,,,,,,,,,,,,,,,False,0.0,,,,,,,,,,,,,,,,,,,,,,,,,,,,,,,,,,,,,,,,,"rolling-origin h=1 (observed history, no future info)",delta,136.0,XGBoost Baseline,XGBoost (differenced target + drift bank),0.475 [0.373-0.593],<0.001 (Lg),<0.001 (Lg),2.622 [2.168-3.127],<0.001 (Lg),<0.001 (Lg),0.145 [0.121-0.171],0.825 (Lg),0.825 (Lg),0.213 [0.168-0.267],<0.001 (Lg),<0.001 (Lg),source-retained only,0.7388764243176424,0.75,h,True,0.0,0.8637065981578751,0.8637065981578751,0.8637065981578751,4,0.8637065981578751,0.24727331047911855,0.8637065981578751,source-retained only,0.728910050067741,True,,False
LightGBM (differenced target),2.9539729940902597,0.13037144533594952,0.18243978970261598,0.08123702448161088,24.0,0.3439970143821875,108.0,0.0,108.0,0.13037144533594952,0.347809117075838,108.0,True,0.3748361930015845,True,0.0,0.0,0.0,0.0,108.0,True,0.0,False,0.13037144533594952,0.0,0.0,0.0,0.0,0.0,0.0,0.0,0.0,,0.7341686136565403,0.18325151935218406,0.2518483177459388,0.6619025157287975,1.1738579243194678,108.0,0.0,108.0,0.18325151935218406,0.1840604947672962,108.0,True,0.9956048395059739,True,0.0,0.0,0.0,0.0,108.0,True,0.0,False,0.18325151935218406,0.0,0.0,0.0,0.0,0.0,0.0,0.0,0.0,,167.13515254425639,2.692558575220966,3.8038492370115393,0.05802425509808108,0.5069649941382766,108.0,0.0,108.0,2.692558575220966,4.854582024209203,108.0,True,0.5546427193512248,True,0.0,0.0,0.0,0.0,108.0,True,0.0,False,2.692558575220966,0.0,0.0,0.0,0.0,0.0,0.0,0.0,0.0,,2.5553628337440917,0.46157181430646543,0.7567798987463211,0.2688145852516484,0.9054453278722975,108.0,0.0,108.0,0.46157181430646543,0.4676813270852445,108.0,True,0.9869365903127761,True,27.0,27.0,0.0,27.0,81.0,True,1.0,True,0.04644215555158744,0.5999483672247581,27.0,0.0,27.0,0.04644215555158744,0.0,0.0,0.0,0.0,,0.0,True,0.0,0.0,0.0,0.0,0.0,0.0,,,,,,,,,,,,,,,,,,,,,,,,,,,,,,,,,,,,,,,,,,,,,,,,,,,,,,,,,,,,,,,,,,,,,,,,,,,,,,,,,,,,,,,,,,False,0.0,,,,,,,,,,,,,,,,,,,,,,,,,,,,,,,,,,,,,,,,,"rolling-origin h=1 (observed history, no future info)",delta,136.0,XGBoost Baseline,XGBoost (differenced target + drift bank),0.462 [0.355-0.580],<0.001 (Lg),<0.001 (Lg),2.693 [2.202-3.239],<0.001 (Lg),<0.001 (Lg),0.183 [0.151-0.218],1.000 (Lg),1.000 (Lg),0.130 [0.108-0.155],<0.001 (Lg),<0.001 (Lg),source-retained only,0.7280050855428898,1.0,h,True,0.0,0.8669383385538912,0.8669383385538912,0.8669383385538912,4,0.8669383385538912,0.2674945951400345,0.8669383385538912,source-retained only,0.7325663151780574,True,,False
XGBoost (differenced target + drift bank),2.9539729940902597,0.19253324414797113,0.30519582228747016,0.11997126999757045,24.0,0.508016621166935,108.0,0.0,108.0,0.19253324414797113,0.347809117075838,108.0,True,0.5535600842400868,True,0.0,0.0,0.0,0.0,108.0,True,0.0,False,0.19253324414797113,0.0,0.0,0.0,0.0,0.0,0.0,0.0,0.0,,0.7341686136565403,0.12921672286980243,0.17867414268736273,0.46672941236235216,0.8277261472730179,108.0,0.0,108.0,0.12921672286980243,0.1840604947672962,108.0,True,0.7020339863432857,True,0.0,0.0,0.0,0.0,108.0,True,0.0,False,0.12921672286980243,0.0,0.0,0.0,0.0,0.0,0.0,0.0,0.0,,167.13515254425639,2.5828440068403644,3.6586435708624534,0.0556599217230237,0.4863075250574449,108.0,0.0,108.0,2.5828440068403644,4.854582024209203,108.0,True,0.532042510345904,True,0.0,0.0,0.0,0.0,108.0,True,0.0,False,2.5828440068403644,0.0,0.0,0.0,0.0,0.0,0.0,0.0,0.0,,2.5553628337440917,0.47839469499968296,0.753841819922539,0.278612054586036,0.9384460403354579,108.0,0.0,108.0,0.47839469499968296,0.4676813270852445,108.0,True,1.0229074100118727,False,27.0,27.0,0.0,27.0,81.0,True,1.0,True,0.10576104292398833,0.6026059123582478,27.0,0.0,27.0,0.10576104292398833,0.0,0.0,0.0,0.0,,1.0,True,0.0,0.0,0.0,0.009259259259259259,0.0,1.0,-9.866535374269958e-07,,,,,,,,,,,,,,,,,,,,,,,,,,,,,,,,,,,,,,,,,,,,,,,,,,,,,,,,,,,,,,,,,,,,,,,,,,,,,,,,,,,,,,,,,True,44.0,,,,,,,,,,,,,,,,,,,,,,,,,,,,,,,,,,,,,,,,,"rolling-origin h=1 (observed history, no future info)",delta,180.0,XGBoost Baseline,XGBoost (differenced target + drift bank),0.478 [0.376-0.597],<0.001 (Lg),<0.001 (Lg),2.583 [2.096-3.081],<0.001 (Lg),<0.001 (Lg),0.129 [0.107-0.154],0.216 (Lg),0.216 (Lg),0.193 [0.151-0.239],<0.001 (Lg),<0.001 (Lg),source-retained only,0.7026359977352874,0.75,h,True,0.0,0.8457471672144552,0.8457471672144552,0.8457471672144552,4,0.8457471672144552,0.23024316466724556,0.8457471672144552,source-retained only,0.6901240834582139,True,,False
LightGBM (differenced target + drift bank),2.9539729940902597,0.1229368050470846,0.1686736279987667,0.07660435316618482,24.0,0.324380034177782,108.0,0.0,108.0,0.1229368050470846,0.347809117075838,108.0,True,0.3534605592879811,True,0.0,0.0,0.0,0.0,108.0,True,0.0,False,0.1229368050470846,0.0,0.0,0.0,0.0,0.0,0.0,0.0,0.0,,0.7341686136565403,0.18325260368284388,0.2518558952638259,0.6619064323194711,1.1738648702380725,108.0,0.0,108.0,0.18325260368284388,0.1840604947672962,108.0,True,0.9956107306705129,True,0.0,0.0,0.0,0.0,108.0,True,0.0,False,0.18325260368284388,0.0,0.0,0.0,0.0,0.0,0.0,0.0,0.0,,167.13515254425639,2.6989269109932197,3.8054489931601343,0.05816149183001333,0.5081640482042354,108.0,0.0,108.0,2.6989269109932197,4.854582024209203,108.0,True,0.5559545389353817,True,0.0,0.0,0.0,0.0,108.0,True,0.0,False,2.6989269109932197,0.0,0.0,0.0,0.0,0.0,0.0,0.0,0.0,,2.5553628337440917,0.4628904029504287,0.7493884787615247,0.269582517453005,0.9080319457940524,108.0,0.0,108.0,0.4628904029504287,0.4676813270852445,108.0,True,0.9897560072268129,True,27.0,27.0,0.0,27.0,81.0,True,1.0,True,0.07687318694638595,0.5915628082851097,27.0,0.0,27.0,0.07687318694638595,0.0,0.0,0.0,0.0,,0.0,True,0.0,0.0,0.0,0.0,0.0,0.0,,,,,,,,,,,,,,,,,,,,,,,,,,,,,,,,,,,,,,,,,,,,,,,,,,,,,,,,,,,,,,,,,,,,,,,,,,,,,,,,,,,,,,,,,,True,44.0,,,,,,,,,,,,,,,,,,,,,,,,,,,,,,,,,,,,,,,,,"rolling-origin h=1 (observed history, no future info)",delta,180.0,XGBoost Baseline,XGBoost (differenced target + drift bank),0.463 [0.358-0.579],<0.001 (Lg),<0.001 (Lg),2.699 [2.218-3.203],<0.001 (Lg),<0.001 (Lg),0.183 [0.153-0.216],1.000 (Lg),1.000 (Lg),0.123 [0.102-0.146],<0.001 (Lg),<0.001 (Lg),source-retained only,0.7236954590301722,1.0,h,True,0.0,0.8670016806683942,0.8670016806683942,0.8670016806683942,4,0.8670016806683942,0.26656369869216856,0.8670016806683942,source-retained only,0.7286102246035355,True,,False
Prophet Specialist,,1.8139531574470353,2.3246767076993815,1.2738430879810807,,,,,,,0.347809117075838,108.0,True,5.215369777243396,False,,,,,,,,,,,,,,,,,,,,0.4204911742863421,0.5025914894825387,1.7114213236393037,,,,,,0.1840604947672962,108.0,True,2.2845270236720827,False,,,,,,,,,,,,,,,,,,,,55.43977308322022,66.743137182262,1.392336506270337,,,,,,4.854582024209203,108.0,True,11.42009194751451,False,,,,,,,,,,,,,,,,,,,,1.3472326212794943,1.8190628210828823,0.8677091626239375,,,,,,0.4676813270852445,108.0,True,2.88066369824069,False,,,,,,,,,,,,,,,,,,,,,,0.0,0.0,0.0,0.2962962962962963,,,,,,,,,,,,,,,,,,,,,,,,,,,,,,,,,,,,,,,,,,,,,,,,,,,,,,,,,,,,,,,,,,,,,,,,,,,,,,,,,,,,,,,,,,,,,,,,,,,,,,,,,,,,,,,,,,,,,,,,,,,,,,,,,,,,,,"rolling-origin h<=24 (refit every 24 steps, observed history)",level,,XGBoost Baseline,XGBoost (differenced target + drift bank),nan [1.134-1.596],1.000 (Lg),1.000 (Lg),nan [48.069-62.346],1.000 (Lg),1.000 (Lg),nan [0.371-0.478],1.000 (Lg),1.000 (Lg),nan [1.553-2.101],1.000 (Lg),1.000 (Lg),source-retained only,5.45016311166767,0.0,h,True,0.0,14.755362509058273,14.755362509058273,,0,,1.3113275201286645,,source-retained only,,False,,False
N-HiTS,,0.20011751741199132,0.26944585182703373,0.14053191797850598,,0.611464448201529,,,,,0.347809117075838,108.0,True,0.5753659337468049,True,,,,,,,,,,,,,,,,,,,,0.13320815974717393,0.17717281919995664,0.5421642569810985,0.9610256329781692,,,,,0.1840604947672962,108.0,True,0.7237194484106229,True,,,,,,,,,,,,,,,,,,,,3.4546366392263184,4.440985711412536,0.08676111825843139,0.7562757511821797,,,,,4.854582024209203,108.0,True,0.7116239095350476,True,,,,,,,,,,,,,,,,,,,,0.538099777229163,0.774915257374242,0.3465727445526122,1.1449923730031524,,,,,0.4676813270852445,108.0,True,1.1505693002172894,False,,,,,,,,,,,,,,,,,,,,,,0.0,0.0,0.0,0.16666666666666666,,,,,,,,,,,,,,,,,,,,,,,,,,,,,,,,,,,,,,,,,,,,,,,,,,,,,,,,,,,,,,,,,,,,,,,,,,,,,,,,,,,,,,,,,,,,,,,,,,,,,,,,,,,,,,,,,,,,,,,,,,,,,,,,,,,,,,"rolling-origin h=1 (observed history, no future info)",level,,XGBoost Baseline,XGBoost (differenced target + drift bank),nan [0.442-0.650],<0.001 (Lg),<0.001 (Lg),nan [2.934-4.006],<0.001 (Lg),<0.001 (Lg),nan [0.111-0.157],0.216 (Lg),0.216 (Lg),nan [0.167-0.236],<0.001 (Lg),<0.001 (Lg),source-retained only,0.7903196479774413,0.75,h,True,0.0,1.0815155234036615,1.0815155234036615,,0,,0.279007509442662,,source-retained only,0.8684395513412575,True,,False
PatchTST,,0.15254196121029565,0.20554211740217554,0.10712212832898742,,0.46609605868238385,,,,,0.347809117075838,108.0,True,0.4385795360764929,True,,,,,,,,,,,,,,,,,,,,0.12928198453141523,0.1747040158481875,0.52618451615539,0.9327003785112576,,,,,0.1840604947672962,108.0,True,0.7023885527139527,True,,,,,,,,,,,,,,,,,,,,2.955692568622191,4.055399106824924,0.07423043846927632,0.6470488364006189,,,,,4.854582024209203,108.0,True,0.6088459426336842,True,,,,,,,,,,,,,,,,,,,,0.4757302618859041,0.749427635561345,0.30640254745601697,1.012279775083749,,,,,0.4676813270852445,108.0,True,1.0172102975562942,False,,,,,,,,,,,,,,,,,,,,,,0.0,0.0,0.0,0.12962962962962962,,,,,,,,,,,,,,,,,,,,,,,,,,,,,,,,,,,,,,,,,,,,,,,,,,,,,,,,,,,,,,,,,,,,,,,,,,,,,,,,,,,,,,,,,,,,,,,,,,,,,,,,,,,,,,,,,,,,,,,,,,,,,,,,,,,,,,"rolling-origin h=1 (observed history, no future info)",level,,XGBoost Baseline,XGBoost (differenced target + drift bank),nan [0.375-0.591],<0.001 (Lg),<0.001 (Lg),nan [2.431-3.477],<0.001 (Lg),<0.001 (Lg),nan [0.108-0.151],0.173 (Lg),0.173 (Lg),nan [0.128-0.179],<0.001 (Lg),<0.001 (Lg),source-retained only,0.691756082245106,0.75,h,True,0.0,0.9283116940624515,0.9283116940624515,,0,,0.25348490760241765,,source-retained only,0.7645312621695024,True,,False
SeasonalNaive (24h),,1.071305433218525,1.1780178969567685,0.7523209822808458,,,,,,,0.347809117075838,108.0,True,3.080153396280674,False,,,,,,,,,,,,,,,,,,,,0.27480864415594325,0.3978187536402926,1.1184857192950672,,,,,,0.1840604947672962,108.0,True,1.4930343662466954,False,,,,,,,,,,,,,,,,,,,,9.929071581940958,12.109184612764594,0.24936265190255644,,,,,,4.854582024209203,108.0,True,2.045298963417633,False,,,,,,,,,,,,,,,,,,,,0.858024396554719,1.3283861691194259,0.5526258931722741,,,,,,0.4676813270852445,108.0,True,1.8346347114224777,False,,,,,,,,,,,,,,,,,,,,,,0.0,0.0,0.0,0.0,,,,,,,,,,,,,,,,,,,,,,,,,,,,,,,,,,,,,,,,,,,,,,,,,,,,,,,,,,,,,,,,,,,,,,,,,,,,,,,,,,,,,,,,,,,,,,,,,,,,,,,,,,,,,,,,,,,,,,,,,,,,,,,,,,,,,,seasonal lag h=24 (observed t-24),level,,XGBoost Baseline,XGBoost (differenced target + drift bank),nan [0.675-1.044],0.159 (Lg),0.159 (Lg),nan [8.661-11.262],1.000 (Lg),1.000 (Lg),nan [0.222-0.330],1.000 (Lg),1.000 (Lg),nan [0.977-1.169],0.783 (Lg),0.783 (Lg),source-retained only,2.11328035934187,0.0,h,True,0.0,3.033302513967536,3.033302513967536,,0,,0.6681988116626858,,source-retained only,,False,,False
Theta Method,,0.1159328622713326,0.16766760929914937,0.08141349993957145,,,,,,,0.347809117075838,108.0,True,0.3333232413400309,True,,,,,,,,,,,,,,,,,,,,0.12277927328234091,0.17345558037589154,0.4997181373734264,,,,,,0.1840604947672962,108.0,True,0.6670593461001404,True,,,,,,,,,,,,,,,,,,,,3.6774848297655307,5.298763880559987,0.0923578163289353,,,,,,4.854582024209203,108.0,True,0.7575286217075675,True,,,,,,,,,,,,,,,,,,,,0.5080411626441713,0.7700094929097127,0.32721295851476523,,,,,,0.4676813270852445,108.0,True,1.0862977271520837,False,,,,,,,,,,,,,,,,,,,,,,0.0,0.0,0.0,0.12037037037037036,,,,,,,,,,,,,,,,,,,,,,,,,,,,,,,,,,,,,,,,,,,,,,,,,,,,,,,,,,,,,,,,,,,,,,,,,,,,,,,,,,,,,,,,,,,,,,,,,,,,,,,,,,,,,,,,,,,,,,,,,,,,,,,,,,,,,,"rolling-origin h=1 (observed history, no future info)",level,,XGBoost Baseline,XGBoost (differenced target + drift bank),nan [0.409-0.625],<0.001 (Lg),<0.001 (Lg),nan [3.008-4.419],<0.001 (Lg),<0.001 (Lg),nan [0.101-0.147],0.016 (Lg),0.016 (Lg),nan [0.094-0.140],<0.001 (Lg),<0.001 (Lg),source-retained only,0.7110522340749557,0.75,h,True,0.0,1.106059531990844,1.106059531990844,,0,,0.2501756030391746,,source-retained only,,False,,False
ETS (Holt-Winters),,0.09892987634417426,0.15091200523458925,0.0694732047839714,,,,,,,0.347809117075838,108.0,True,0.2844372717308704,True,,,,,,,,,,,,,,,,,,,,0.22213032845760458,0.2800278825072743,0.9040821876809956,,,,,,0.1840604947672962,108.0,True,1.206833268260195,False,,,,,,,,,,,,,,,,,,,,3.7953191415156717,5.650512063520129,0.09531715408983639,,,,,,4.854582024209203,108.0,True,0.7818014244251889,True,,,,,,,,,,,,,,,,,,,,0.5132670569761066,0.7728966544728862,0.33057878882729,,,,,,0.4676813270852445,108.0,True,1.0974717767223432,False,,,,,,,,,,,,,,,,,,,,,,0.0,0.0,0.0,0.12037037037037036,,,,,,,,,,,,,,,,,,,,,,,,,,,,,,,,,,,,,,,,,,,,,,,,,,,,,,,,,,,,,,,,,,,,,,,,,,,,,,,,,,,,,,,,,,,,,,,,,,,,,,,,,,,,,,,,,,,,,,,,,,,,,,,,,,,,,,"rolling-origin h=1 (observed history, no future info)",level,,XGBoost Baseline,XGBoost (differenced target + drift bank),nan [0.411-0.628],<0.001 (Lg),<0.001 (Lg),nan [3.045-4.556],<0.001 (Lg),<0.001 (Lg),nan [0.191-0.255],1.000 (Lg),1.000 (Lg),nan [0.078-0.121],<0.001 (Lg),<0.001 (Lg),source-retained only,0.8426359352846493,0.5,h,True,0.0,1.1574116008233892,1.1574116008233892,,0,,0.3498628338455233,,source-retained only,,False,,False
Physics-Guided MLP,,1.2211943510999737,1.5113804811554497,0.7326768077444838,,,,,,,0.3486408257971029,98.0,True,3.502729057355627,False,,,,,,,,,,,,,,,,,,,,0.21745406868319336,0.2900127542659329,0.7916582316034423,,,,,,0.18087618602376485,98.0,True,1.2022260832867333,False,,,,,,,,,,,,,,,,,,,,43.649488599059495,50.82144259939412,0.9734554517523094,,,,,,4.869675412469871,98.0,True,8.963531427019841,False,,,,,,,,,,,,,,,,,,,,1.981287704573063,2.125226905161317,1.181002509589622,,,,,,0.4626743186393881,98.0,True,4.28225130454516,False,,,,,,,,,,,,,,,,,,,,,,0.0,0.0,0.0,0.0,,,,,,,,,,,,,,,,,,,,,,,,,,,,,,,,,,,,,,,,,,,,,,,,,,,,,,,,,,,,,,,,,,,,,,,,,,,,,,,,,,,,,,,,,,,,,,,,,,,,,,,,,,,,,,,,,,,,,,,,,,,,,,,,,,,,,,"rolling-origin h=1 (observed history, no future info)",level,,XGBoost Baseline,XGBoost (differenced target + drift bank),nan [1.829-2.129],1.000 (Lg),1.000 (Lg),nan [38.400-48.947],1.000 (Lg),1.000 (Lg),nan [0.181-0.255],1.000 (Lg),1.000 (Lg),nan [1.047-1.402],1.000 (Lg),1.000 (Lg),source-retained only,4.487684468051841,0.0,h,True,0.0,11.76735618085393,11.76735618085393,,0,,0.9196982501724643,,source-retained only,,False,,False
Grey-Box XGBoost,,0.8351830949713455,1.0327144975470381,0.5010826354990798,,,,,,,0.3486408257971029,98.0,True,2.3955401466877935,False,,,,,,,,,,,,,,,,,,,,0.14423985968454406,0.19383408453618106,0.525116282882502,,,,,,0.18087618602376485,98.0,True,0.7974508024267648,True,,,,,,,,,,,,,,,,,,,,3.476372685624584,4.695565142214035,0.07752883371048211,,,,,,4.869675412469871,98.0,True,0.7138818075477001,True,,,,,,,,,,,,,,,,,,,,0.8033776698777069,0.9676803456552643,0.47887595632068214,,,,,,0.4626743186393881,98.0,True,1.7363783497650007,False,,,,,,,,,,,,,,,,,,,,,,0.0,0.0,0.0,0.0,,,,,,,,,,,,,,,,,,,,,,,,,,,,,,,,,,,,,,,,,,,,,,,,,,,,,,,,,,,,,,,,,,,,,,,,,,,,,,,,,,,,,,,,,,,,,,,,,,,,,,,,,,,,,,,,,,,,,,,,,,,,,,,,,,,,,,"rolling-origin h=1 (observed history, no future info)",level,,XGBoost Baseline,XGBoost (differenced target + drift bank),nan [0.702-0.919],0.031 (Lg),0.031 (Lg),nan [2.868-4.087],<0.001 (Lg),<0.001 (Lg),nan [0.120-0.169],1.000 (Lg),1.000 (Lg),nan [0.716-0.955],<0.001 (Lg),<0.001 (Lg),source-retained only,1.4108127766068148,0.5,h,True,0.0,1.3147933275395451,1.3147933275395451,,0,,0.3956509271031865,,source-retained only,,False,,False
