model_name,temperature_TrainStd,temperature_MAE,temperature_RMSE,temperature_MASE,mase_seasonality,temperature_MASE_1,temperature_N_obs,temperature_N_reconstructed,temperature_N_total,temperature_MAE_obs,temperature_MAE_persist,temperature_N_persist,temperature_persist_metric_observed_only,temperature_RelMAE_persist,temperature_Beats_persist,temperature_N_fault_dqa,temperature_N_fault_obs,temperature_N_fault_reconstructed,temperature_N_fault,temperature_N_healthy,temperature_fault_metric_observed_only,temperature_fault_truth_unique,temperature_fault_truth_degenerate,temperature_MAE_healthy,temperature_N_stuck_dqa,temperature_N_stuck_reconstructed,temperature_N_stuck,temperature_N_stuck_window,temperature_N_zero_dqa,temperature_N_zero_reconstructed,temperature_N_zero,temperature_N_zero_window,temperature_N_excursion_dqa,temperature_N_excursion_reconstructed,temperature_N_excursion,temperature_N_excursion_window,temperature_N_sentinel_dqa,temperature_N_sentinel_reconstructed,temperature_N_sentinel,temperature_sentinel_descriptive_only,temperature_ParityViol,ph_TrainStd,ph_MAE,ph_RMSE,ph_MASE,ph_MASE_1,ph_N_obs,ph_N_reconstructed,ph_N_total,ph_MAE_obs,ph_MAE_persist,ph_N_persist,ph_persist_metric_observed_only,ph_RelMAE_persist,ph_Beats_persist,ph_N_fault_dqa,ph_N_fault_obs,ph_N_fault_reconstructed,ph_N_fault,ph_N_healthy,ph_fault_metric_observed_only,ph_fault_truth_unique,ph_fault_truth_degenerate,ph_MAE_fault,ph_MAE_healthy,ph_N_stuck_dqa,ph_N_stuck_reconstructed,ph_N_stuck,ph_N_stuck_window,ph_N_zero_dqa,ph_N_zero_reconstructed,ph_N_zero,ph_N_zero_window,ph_N_excursion_dqa,ph_N_excursion_reconstructed,ph_N_excursion,ph_MAE_excursion,ph_N_sentinel_dqa,ph_N_sentinel_reconstructed,ph_N_sentinel,ph_sentinel_descriptive_only,ph_ParityViol,electric conductivity_TrainStd,electric conductivity_MAE,electric conductivity_RMSE,electric conductivity_MASE,electric conductivity_MASE_1,electric conductivity_N_obs,electric conductivity_N_reconstructed,electric conductivity_N_total,electric conductivity_MAE_obs,electric conductivity_MAE_persist,electric conductivity_N_persist,electric conductivity_persist_metric_observed_only,electric conductivity_RelMAE_persist,electric conductivity_Beats_persist,electric conductivity_N_fault_dqa,electric conductivity_N_fault_obs,electric conductivity_N_fault_reconstructed,electric conductivity_N_fault,electric conductivity_N_healthy,electric conductivity_fault_metric_observed_only,electric conductivity_fault_truth_unique,electric conductivity_fault_truth_degenerate,electric conductivity_MAE_healthy,electric conductivity_N_stuck_dqa,electric conductivity_N_stuck_reconstructed,electric conductivity_N_stuck,electric conductivity_N_stuck_window,electric conductivity_N_zero_dqa,electric conductivity_N_zero_reconstructed,electric conductivity_N_zero,electric conductivity_N_zero_window,electric conductivity_N_excursion_dqa,electric conductivity_N_excursion_reconstructed,electric conductivity_N_excursion,electric conductivity_N_excursion_window,electric conductivity_N_sentinel_dqa,electric conductivity_N_sentinel_reconstructed,electric conductivity_N_sentinel,electric conductivity_sentinel_descriptive_only,electric conductivity_ParityViol,n_physical_violations,physviol_counted,temperature_PhysViol,ph_PhysViol,electric conductivity_PhysViol,n_physical_violations_post_guard,n_clipped_by_guard,_val_MAE_for_selection_all,_val_MAE_full,_val_MAE_full_obs,_val_N_obs_for_selection,_val_ratio_temperature,_val_ratio_ph,_val_ratio_electric conductivity,_val_MAE_for_selection,_val_selection_metric,_val_MAE_for_selection_raw_units,_val_selection_scope,conformal_alpha,temperature_ConfBound,temperature_ConfNCal,ph_ConfBound,ph_ConfNCal,electric conductivity_ConfBound,electric conductivity_ConfNCal,bound_family,temperature_ConfAttainable,temperature_ConfNRequired,ph_ConfAttainable,ph_ConfNRequired,electric conductivity_ConfAttainable,electric conductivity_ConfNRequired,conformal_all_attainable,gate_threshold,gate_n_corrected,gate_n_declined,anchor_supervision,corrector_supervision,r19_safety_veto_enabled,r19_safety_n_passed,r19_safety_n_vetoed,temperature_SafetyPass,temperature_SafetyValNDegraded,temperature_SafetyValRescue,temperature_SafetyValNomPenaltyRel,temperature_SafetyValMAEMult,temperature_SafetyReason,temperature_DynamicSelectorFitted,temperature_DynamicSelectorTrainN,temperature_DynamicSelectorTrainPos,temperature_DynamicSelectorTrainNeg,temperature_DynamicGateThreshold,temperature_DynamicSelectorReason,ph_SafetyPass,ph_SafetyValNDegraded,ph_SafetyValRescue,ph_SafetyValNomPenaltyRel,ph_SafetyValMAEMult,ph_SafetyReason,ph_DynamicSelectorFitted,ph_DynamicSelectorTrainN,ph_DynamicSelectorTrainPos,ph_DynamicSelectorTrainNeg,ph_DynamicGateThreshold,ph_DynamicSelectorReason,electric conductivity_SafetyPass,electric conductivity_SafetyValNDegraded,electric conductivity_SafetyValRescue,electric conductivity_SafetyValNomPenaltyRel,electric conductivity_SafetyValMAEMult,electric conductivity_SafetyReason,electric conductivity_DynamicSelectorFitted,electric conductivity_DynamicSelectorTrainN,electric conductivity_DynamicSelectorTrainPos,electric conductivity_DynamicSelectorTrainNeg,electric conductivity_DynamicGateThreshold,electric conductivity_DynamicSelectorReason,dynamic_selector_enabled,uses_drift_bank,n_drift_bank_cols,parity_tol,pred_differs_from_anchor,max_abs_applied_correction,temperature_MaxAbsCorrection,temperature_CorrectionInert,ph_MaxAbsCorrection,ph_CorrectionInert,electric conductivity_MaxAbsCorrection,electric conductivity_CorrectionInert,n_gated_on_but_inert,assembly_max_err,temperature_MaxAbsResidual,ph_MaxAbsResidual,electric conductivity_MaxAbsResidual,n_corrections_lost,row_invalid,row_invalid_reason,temperature_Gate,temperature_GateApplied,ph_Gate,ph_GateApplied,electric conductivity_Gate,electric conductivity_GateApplied,realised_bind_rate,temperature_BindRate,ph_BindRate,electric conductivity_BindRate,physviol_local_crosscheck,clip_k,clip_hit_rate,temperature_ClipHit,ph_ClipHit,electric conductivity_ClipHit,eval_protocol,target_mode,n_features,end_to_end_statistical_comparator,corrector_attribution_anchor,electric conductivity_MAE_obs_CI,electric conductivity_Stats_obs,electric conductivity_Stats,ph_MAE_obs_CI,ph_Stats_obs,ph_Stats,temperature_MAE_obs_CI,temperature_Stats_obs,temperature_Stats,statistical_scope,Mean_RelMAE_persist,Beats_persist_frac,cadence,cadence_valid,cadence_interp_frac,Macro_MAE,Macro_MAE_ex_degen,Macro_MAE_obs,N_targets_MAE_obs,Macro_MAE_obs_ex_degen,Mean_MASE,Primary_Macro_MAE,Primary_MAE_scope,Mean_MASE_1,Beats_naive_h1,Frac_targets_corrected,Anchor_passthrough
M2P-PTAC (C=0.0001),3.06655458534875,0.9487340226586701,2.406561184919988,0.6892621800546143,24.0,2.7502094023214263,108.0,0.0,108.0,0.9487340226586701,0.931196704154802,108.0,True,1.0188330976963518,False,9.0,9.0,0.0,9.0,99.0,True,9.0,False,0.7088856233350288,0.0,0.0,0.0,0.0,0.0,0.0,0.0,0.0,9.0,0.0,9.0,9.0,0.0,0.0,0.0,True,0.0,2.386770832133923,0.43166493144601387,1.2284420541273968,0.6434032571649392,3.0747695999016758,108.0,0.0,108.0,0.43166493144601387,0.43031110169184283,108.0,True,1.0031461650625517,False,11.0,11.0,0.0,11.0,97.0,True,11.0,False,2.0267060876852163,0.2507839755838362,0.0,0.0,0.0,0.0,0.0,0.0,0.0,0.0,11.0,0.0,11.0,2.0267060876852163,0.0,0.0,0.0,True,0.0,63.076875578247446,7.946646312177039,19.66413791764958,0.532753399186751,1.956674753013299,108.0,0.0,108.0,7.946646312177039,7.921461148434798,108.0,True,1.0031793583620894,False,0.0,0.0,0.0,0.0,108.0,True,0.0,False,7.946646312177039,0.0,0.0,0.0,0.0,0.0,0.0,0.0,0.0,0.0,0.0,0.0,0.0,0.0,0.0,0.0,True,0.0,0.0,True,0.0,0.0,0.0,0.0,0.0,1.4205195486507407,2.428388219418256,2.428388219418256,96.0,1.0,1.0,1.0,1.0,equal_target_MAE_ratio_to_matched_differenced_XGBoost_anchor,1.4205195486507407,source-retained disjoint C-selection block,0.1,0.6041513085365295,44.0,0.08716873079538345,44.0,7.270582675933838,44.0,conformal,True,9.0,True,9.0,True,9.0,True,,0.0,3.0,observed_or_degraded,anchor_residual,True,0.0,3.0,False,0.0,,0.0,1.0,underpowered degraded validation (0<8); only 0 independent degradation episode(s) < 2; rescue lower bound not positive (nan),False,313.0,4.0,309.0,1.000001,"underpowered train selector: n=313/48, pos=4/6, neg=309/12",False,0.0,,0.0,1.0,underpowered degraded validation (0<8); only 0 independent degradation episode(s) < 2; rescue lower bound not positive (nan),True,392.0,82.0,310.0,1.000001,train-only state-aware logistic selector,False,0.0,,0.0,1.0,underpowered degraded validation (0<8); only 0 independent degradation episode(s) < 2; rescue lower bound not positive (nan),True,431.0,117.0,314.0,1.000001,train-only state-aware logistic selector,True,True,33.0,1e-12,False,0.0,0.0,False,0.0,False,0.0,False,0.0,0.0,0.0,0.0,0.0,0.0,False,,,True,,True,,True,0.0,0.0,0.0,0.0,0.0,,0.0,0.0,0.0,0.0,"rolling-origin h=1 (observed history, no future info)",delta,,XGBoost Baseline,XGBoost (differenced target + drift bank),7.947 [4.979-11.486],<0.001 (Sm),<0.001 (Sm),0.432 [0.240-0.665],<0.001 (Sm),<0.001 (Sm),0.949 [0.580-1.410],<0.001 (Lg),<0.001 (Lg),source-retained only,1.008386207040331,0.0,h,True,0.0,3.1090150887605748,3.1090150887605748,3.1090150887605748,3,3.1090150887605748,0.6218062788021015,3.1090150887605748,source-retained only,2.5938845850788006,False,0.0,True
M2P-Ablation (Unified Enc.),3.06655458534875,0.9487340226586701,2.406561184919988,0.6892621800546143,24.0,2.7502094023214263,108.0,0.0,108.0,0.9487340226586701,0.931196704154802,108.0,True,1.0188330976963518,False,9.0,9.0,0.0,9.0,99.0,True,9.0,False,0.7088856233350288,0.0,0.0,0.0,0.0,0.0,0.0,0.0,0.0,9.0,0.0,9.0,9.0,0.0,0.0,0.0,True,0.0,2.386770832133923,0.43166493144601387,1.2284420541273968,0.6434032571649392,3.0747695999016758,108.0,0.0,108.0,0.43166493144601387,0.43031110169184283,108.0,True,1.0031461650625517,False,11.0,11.0,0.0,11.0,97.0,True,11.0,False,2.0267060876852163,0.2507839755838362,0.0,0.0,0.0,0.0,0.0,0.0,0.0,0.0,11.0,0.0,11.0,2.0267060876852163,0.0,0.0,0.0,True,0.0,63.076875578247446,7.946646312177039,19.66413791764958,0.532753399186751,1.956674753013299,108.0,0.0,108.0,7.946646312177039,7.921461148434798,108.0,True,1.0031793583620894,False,0.0,0.0,0.0,0.0,108.0,True,0.0,False,7.946646312177039,0.0,0.0,0.0,0.0,0.0,0.0,0.0,0.0,0.0,0.0,0.0,0.0,0.0,0.0,0.0,True,0.0,0.0,True,0.0,0.0,0.0,0.0,0.0,1.4205195486507407,2.428388219418256,2.428388219418256,96.0,1.0,1.0,1.0,1.0,equal_target_MAE_ratio_to_matched_differenced_XGBoost_anchor,1.4205195486507407,source-retained disjoint C-selection block,0.1,0.6493432521820068,44.0,0.0734696239233017,44.0,6.306022644042969,44.0,conformal,True,9.0,True,9.0,True,9.0,True,,0.0,3.0,observed_or_degraded,anchor_residual,True,0.0,3.0,False,0.0,,0.0,1.0,underpowered degraded validation (0<8); only 0 independent degradation episode(s) < 2; rescue lower bound not positive (nan),False,313.0,4.0,309.0,1.000001,"underpowered train selector: n=313/48, pos=4/6, neg=309/12",False,0.0,,0.0,1.0,underpowered degraded validation (0<8); only 0 independent degradation episode(s) < 2; rescue lower bound not positive (nan),True,392.0,82.0,310.0,1.000001,train-only state-aware logistic selector,False,0.0,,0.0,1.0,underpowered degraded validation (0<8); only 0 independent degradation episode(s) < 2; rescue lower bound not positive (nan),True,431.0,117.0,314.0,1.000001,train-only state-aware logistic selector,True,True,33.0,1e-12,False,0.0,0.0,False,0.0,False,0.0,False,0.0,0.0,0.0,0.0,0.0,0.0,False,,,True,,True,,True,0.0,0.0,0.0,0.0,0.0,,0.0,0.0,0.0,0.0,"rolling-origin h=1 (observed history, no future info)",delta,,XGBoost Baseline,XGBoost (differenced target + drift bank),7.947 [4.937-11.520],<0.001 (Sm),<0.001 (Sm),0.432 [0.244-0.674],<0.001 (Sm),<0.001 (Sm),0.949 [0.573-1.374],<0.001 (Lg),<0.001 (Lg),source-retained only,1.008386207040331,0.0,h,True,0.0,3.1090150887605748,3.1090150887605748,3.1090150887605748,3,3.1090150887605748,0.6218062788021015,3.1090150887605748,source-retained only,2.5938845850788006,False,0.0,True
M2P-Ablation (No Attention),3.06655458534875,0.9487340226586701,2.406561184919988,0.6892621800546143,24.0,2.7502094023214263,108.0,0.0,108.0,0.9487340226586701,0.931196704154802,108.0,True,1.0188330976963518,False,9.0,9.0,0.0,9.0,99.0,True,9.0,False,0.7088856233350288,0.0,0.0,0.0,0.0,0.0,0.0,0.0,0.0,9.0,0.0,9.0,9.0,0.0,0.0,0.0,True,0.0,2.386770832133923,0.43166493144601387,1.2284420541273968,0.6434032571649392,3.0747695999016758,108.0,0.0,108.0,0.43166493144601387,0.43031110169184283,108.0,True,1.0031461650625517,False,11.0,11.0,0.0,11.0,97.0,True,11.0,False,2.0267060876852163,0.2507839755838362,0.0,0.0,0.0,0.0,0.0,0.0,0.0,0.0,11.0,0.0,11.0,2.0267060876852163,0.0,0.0,0.0,True,0.0,63.076875578247446,7.946646312177039,19.66413791764958,0.532753399186751,1.956674753013299,108.0,0.0,108.0,7.946646312177039,7.921461148434798,108.0,True,1.0031793583620894,False,0.0,0.0,0.0,0.0,108.0,True,0.0,False,7.946646312177039,0.0,0.0,0.0,0.0,0.0,0.0,0.0,0.0,0.0,0.0,0.0,0.0,0.0,0.0,0.0,True,0.0,0.0,True,0.0,0.0,0.0,0.0,0.0,1.4205195486507407,2.428388219418256,2.428388219418256,96.0,1.0,1.0,1.0,1.0,equal_target_MAE_ratio_to_matched_differenced_XGBoost_anchor,1.4205195486507407,source-retained disjoint C-selection block,0.1,0.5578207969665527,44.0,0.08713836222887039,44.0,6.77164363861084,44.0,conformal,True,9.0,True,9.0,True,9.0,True,,0.0,3.0,observed_or_degraded,anchor_residual,True,0.0,3.0,False,0.0,,0.0,1.0,underpowered degraded validation (0<8); only 0 independent degradation episode(s) < 2; rescue lower bound not positive (nan),False,313.0,4.0,309.0,1.000001,"underpowered train selector: n=313/48, pos=4/6, neg=309/12",False,0.0,,0.0,1.0,underpowered degraded validation (0<8); only 0 independent degradation episode(s) < 2; rescue lower bound not positive (nan),True,392.0,82.0,310.0,1.000001,train-only state-aware logistic selector,False,0.0,,0.0,1.0,underpowered degraded validation (0<8); only 0 independent degradation episode(s) < 2; rescue lower bound not positive (nan),True,431.0,117.0,314.0,1.000001,train-only state-aware logistic selector,True,True,33.0,1e-12,False,0.0,0.0,False,0.0,False,0.0,False,0.0,0.0,0.0,0.0,0.0,0.0,False,,,True,,True,,True,0.0,0.0,0.0,0.0,0.0,,0.0,0.0,0.0,0.0,"rolling-origin h=1 (observed history, no future info)",delta,,XGBoost Baseline,XGBoost (differenced target + drift bank),7.947 [5.012-11.761],<0.001 (Sm),<0.001 (Sm),0.432 [0.229-0.671],<0.001 (Sm),<0.001 (Sm),0.949 [0.583-1.371],<0.001 (Lg),<0.001 (Lg),source-retained only,1.008386207040331,0.0,h,True,0.0,3.1090150887605748,3.1090150887605748,3.1090150887605748,3,3.1090150887605748,0.6218062788021015,3.1090150887605748,source-retained only,2.5938845850788006,False,0.0,True
M2P-Ablation (No CNN),3.06655458534875,0.9487340226586701,2.406561184919988,0.6892621800546143,24.0,2.7502094023214263,108.0,0.0,108.0,0.9487340226586701,0.931196704154802,108.0,True,1.0188330976963518,False,9.0,9.0,0.0,9.0,99.0,True,9.0,False,0.7088856233350288,0.0,0.0,0.0,0.0,0.0,0.0,0.0,0.0,9.0,0.0,9.0,9.0,0.0,0.0,0.0,True,0.0,2.386770832133923,0.43166493144601387,1.2284420541273968,0.6434032571649392,3.0747695999016758,108.0,0.0,108.0,0.43166493144601387,0.43031110169184283,108.0,True,1.0031461650625517,False,11.0,11.0,0.0,11.0,97.0,True,11.0,False,2.0267060876852163,0.2507839755838362,0.0,0.0,0.0,0.0,0.0,0.0,0.0,0.0,11.0,0.0,11.0,2.0267060876852163,0.0,0.0,0.0,True,0.0,63.076875578247446,7.946646312177039,19.66413791764958,0.532753399186751,1.956674753013299,108.0,0.0,108.0,7.946646312177039,7.921461148434798,108.0,True,1.0031793583620894,False,0.0,0.0,0.0,0.0,108.0,True,0.0,False,7.946646312177039,0.0,0.0,0.0,0.0,0.0,0.0,0.0,0.0,0.0,0.0,0.0,0.0,0.0,0.0,0.0,True,0.0,0.0,True,0.0,0.0,0.0,0.0,0.0,1.4205195486507407,2.428388219418256,2.428388219418256,96.0,1.0,1.0,1.0,1.0,equal_target_MAE_ratio_to_matched_differenced_XGBoost_anchor,1.4205195486507407,source-retained disjoint C-selection block,0.1,0.733347475528717,44.0,0.12972623109817505,44.0,9.274507522583008,44.0,conformal,True,9.0,True,9.0,True,9.0,True,,0.0,3.0,observed_or_degraded,anchor_residual,True,0.0,3.0,False,0.0,,0.0,1.0,underpowered degraded validation (0<8); only 0 independent degradation episode(s) < 2; rescue lower bound not positive (nan),False,313.0,4.0,309.0,1.000001,"underpowered train selector: n=313/48, pos=4/6, neg=309/12",False,0.0,,0.0,1.0,underpowered degraded validation (0<8); only 0 independent degradation episode(s) < 2; rescue lower bound not positive (nan),True,392.0,82.0,310.0,1.000001,train-only state-aware logistic selector,False,0.0,,0.0,1.0,underpowered degraded validation (0<8); only 0 independent degradation episode(s) < 2; rescue lower bound not positive (nan),True,431.0,117.0,314.0,1.000001,train-only state-aware logistic selector,True,True,33.0,1e-12,False,0.0,0.0,False,0.0,False,0.0,False,0.0,0.0,0.0,0.0,0.0,0.0,False,,,True,,True,,True,0.0,0.0,0.0,0.0,0.0,,0.0,0.0,0.0,0.0,"rolling-origin h=1 (observed history, no future info)",delta,,XGBoost Baseline,XGBoost (differenced target + drift bank),7.947 [4.927-11.745],<0.001 (Sm),<0.001 (Sm),0.432 [0.234-0.668],<0.001 (Sm),<0.001 (Sm),0.949 [0.572-1.383],<0.001 (Lg),<0.001 (Lg),source-retained only,1.008386207040331,0.0,h,True,0.0,3.1090150887605748,3.1090150887605748,3.1090150887605748,3,3.1090150887605748,0.6218062788021015,3.1090150887605748,source-retained only,2.5938845850788006,False,0.0,True
M2P-PTAC (clip k=0.5),3.06655458534875,0.9487340226586701,2.406561184919988,0.6892621800546143,24.0,2.7502094023214263,108.0,0.0,108.0,0.9487340226586701,0.931196704154802,108.0,True,1.0188330976963518,False,9.0,9.0,0.0,9.0,99.0,True,9.0,False,0.7088856233350288,0.0,0.0,0.0,0.0,0.0,0.0,0.0,0.0,9.0,0.0,9.0,9.0,0.0,0.0,0.0,True,0.0,2.386770832133923,0.43166493144601387,1.2284420541273968,0.6434032571649392,3.0747695999016758,108.0,0.0,108.0,0.43166493144601387,0.43031110169184283,108.0,True,1.0031461650625517,False,11.0,11.0,0.0,11.0,97.0,True,11.0,False,2.0267060876852163,0.2507839755838362,0.0,0.0,0.0,0.0,0.0,0.0,0.0,0.0,11.0,0.0,11.0,2.0267060876852163,0.0,0.0,0.0,True,0.0,63.076875578247446,7.946646312177039,19.66413791764958,0.532753399186751,1.956674753013299,108.0,0.0,108.0,7.946646312177039,7.921461148434798,108.0,True,1.0031793583620894,False,0.0,0.0,0.0,0.0,108.0,True,0.0,False,7.946646312177039,0.0,0.0,0.0,0.0,0.0,0.0,0.0,0.0,0.0,0.0,0.0,0.0,0.0,0.0,0.0,True,0.0,0.0,True,0.0,0.0,0.0,0.0,0.0,1.4205195486507407,2.428388219418256,2.428388219418256,96.0,1.0,1.0,1.0,1.0,equal_target_MAE_ratio_to_matched_differenced_XGBoost_anchor,1.4205195486507407,source-retained disjoint C-selection block,,,,,,,,k_sigma,,,,,,,True,,0.0,3.0,observed_or_degraded,anchor_residual,True,0.0,3.0,False,0.0,,0.0,1.0,underpowered degraded validation (0<8); only 0 independent degradation episode(s) < 2; rescue lower bound not positive (nan),False,313.0,4.0,309.0,1.000001,"underpowered train selector: n=313/48, pos=4/6, neg=309/12",False,0.0,,0.0,1.0,underpowered degraded validation (0<8); only 0 independent degradation episode(s) < 2; rescue lower bound not positive (nan),True,392.0,82.0,310.0,1.000001,train-only state-aware logistic selector,False,0.0,,0.0,1.0,underpowered degraded validation (0<8); only 0 independent degradation episode(s) < 2; rescue lower bound not positive (nan),True,431.0,117.0,314.0,1.000001,train-only state-aware logistic selector,True,True,33.0,1e-12,False,0.0,0.0,False,0.0,False,0.0,False,0.0,0.0,0.0,0.0,0.0,0.0,False,,,True,,True,,True,0.0,0.0,0.0,0.0,0.0,0.5,0.0,0.0,0.0,0.0,"rolling-origin h=1 (observed history, no future info)",delta,,XGBoost Baseline,XGBoost (differenced target + drift bank),7.947 [4.984-11.548],<0.001 (Sm),<0.001 (Sm),0.432 [0.244-0.672],<0.001 (Sm),<0.001 (Sm),0.949 [0.586-1.410],<0.001 (Lg),<0.001 (Lg),source-retained only,1.008386207040331,0.0,h,True,0.0,3.1090150887605748,3.1090150887605748,3.1090150887605748,3,3.1090150887605748,0.6218062788021015,3.1090150887605748,source-retained only,2.5938845850788006,False,0.0,True
M2P-PTAC (clip k=0.75),3.06655458534875,0.9487340226586701,2.406561184919988,0.6892621800546143,24.0,2.7502094023214263,108.0,0.0,108.0,0.9487340226586701,0.931196704154802,108.0,True,1.0188330976963518,False,9.0,9.0,0.0,9.0,99.0,True,9.0,False,0.7088856233350288,0.0,0.0,0.0,0.0,0.0,0.0,0.0,0.0,9.0,0.0,9.0,9.0,0.0,0.0,0.0,True,0.0,2.386770832133923,0.43166493144601387,1.2284420541273968,0.6434032571649392,3.0747695999016758,108.0,0.0,108.0,0.43166493144601387,0.43031110169184283,108.0,True,1.0031461650625517,False,11.0,11.0,0.0,11.0,97.0,True,11.0,False,2.0267060876852163,0.2507839755838362,0.0,0.0,0.0,0.0,0.0,0.0,0.0,0.0,11.0,0.0,11.0,2.0267060876852163,0.0,0.0,0.0,True,0.0,63.076875578247446,7.946646312177039,19.66413791764958,0.532753399186751,1.956674753013299,108.0,0.0,108.0,7.946646312177039,7.921461148434798,108.0,True,1.0031793583620894,False,0.0,0.0,0.0,0.0,108.0,True,0.0,False,7.946646312177039,0.0,0.0,0.0,0.0,0.0,0.0,0.0,0.0,0.0,0.0,0.0,0.0,0.0,0.0,0.0,True,0.0,0.0,True,0.0,0.0,0.0,0.0,0.0,1.4205195486507407,2.428388219418256,2.428388219418256,96.0,1.0,1.0,1.0,1.0,equal_target_MAE_ratio_to_matched_differenced_XGBoost_anchor,1.4205195486507407,source-retained disjoint C-selection block,,,,,,,,k_sigma,,,,,,,True,,0.0,3.0,observed_or_degraded,anchor_residual,True,0.0,3.0,False,0.0,,0.0,1.0,underpowered degraded validation (0<8); only 0 independent degradation episode(s) < 2; rescue lower bound not positive (nan),False,313.0,4.0,309.0,1.000001,"underpowered train selector: n=313/48, pos=4/6, neg=309/12",False,0.0,,0.0,1.0,underpowered degraded validation (0<8); only 0 independent degradation episode(s) < 2; rescue lower bound not positive (nan),True,392.0,82.0,310.0,1.000001,train-only state-aware logistic selector,False,0.0,,0.0,1.0,underpowered degraded validation (0<8); only 0 independent degradation episode(s) < 2; rescue lower bound not positive (nan),True,431.0,117.0,314.0,1.000001,train-only state-aware logistic selector,True,True,33.0,1e-12,False,0.0,0.0,False,0.0,False,0.0,False,0.0,0.0,0.0,0.0,0.0,0.0,False,,,True,,True,,True,0.0,0.0,0.0,0.0,0.0,0.75,0.0,0.0,0.0,0.0,"rolling-origin h=1 (observed history, no future info)",delta,,XGBoost Baseline,XGBoost (differenced target + drift bank),7.947 [5.082-11.694],<0.001 (Sm),<0.001 (Sm),0.432 [0.241-0.672],<0.001 (Sm),<0.001 (Sm),0.949 [0.560-1.428],<0.001 (Lg),<0.001 (Lg),source-retained only,1.008386207040331,0.0,h,True,0.0,3.1090150887605748,3.1090150887605748,3.1090150887605748,3,3.1090150887605748,0.6218062788021015,3.1090150887605748,source-retained only,2.5938845850788006,False,0.0,True
M2P-PTAC (clip k=1.0),3.06655458534875,0.9487340226586701,2.406561184919988,0.6892621800546143,24.0,2.7502094023214263,108.0,0.0,108.0,0.9487340226586701,0.931196704154802,108.0,True,1.0188330976963518,False,9.0,9.0,0.0,9.0,99.0,True,9.0,False,0.7088856233350288,0.0,0.0,0.0,0.0,0.0,0.0,0.0,0.0,9.0,0.0,9.0,9.0,0.0,0.0,0.0,True,0.0,2.386770832133923,0.43166493144601387,1.2284420541273968,0.6434032571649392,3.0747695999016758,108.0,0.0,108.0,0.43166493144601387,0.43031110169184283,108.0,True,1.0031461650625517,False,11.0,11.0,0.0,11.0,97.0,True,11.0,False,2.0267060876852163,0.2507839755838362,0.0,0.0,0.0,0.0,0.0,0.0,0.0,0.0,11.0,0.0,11.0,2.0267060876852163,0.0,0.0,0.0,True,0.0,63.076875578247446,7.946646312177039,19.66413791764958,0.532753399186751,1.956674753013299,108.0,0.0,108.0,7.946646312177039,7.921461148434798,108.0,True,1.0031793583620894,False,0.0,0.0,0.0,0.0,108.0,True,0.0,False,7.946646312177039,0.0,0.0,0.0,0.0,0.0,0.0,0.0,0.0,0.0,0.0,0.0,0.0,0.0,0.0,0.0,True,0.0,0.0,True,0.0,0.0,0.0,0.0,0.0,1.4205195486507407,2.428388219418256,2.428388219418256,96.0,1.0,1.0,1.0,1.0,equal_target_MAE_ratio_to_matched_differenced_XGBoost_anchor,1.4205195486507407,source-retained disjoint C-selection block,,,,,,,,k_sigma,,,,,,,True,,0.0,3.0,observed_or_degraded,anchor_residual,True,0.0,3.0,False,0.0,,0.0,1.0,underpowered degraded validation (0<8); only 0 independent degradation episode(s) < 2; rescue lower bound not positive (nan),False,313.0,4.0,309.0,1.000001,"underpowered train selector: n=313/48, pos=4/6, neg=309/12",False,0.0,,0.0,1.0,underpowered degraded validation (0<8); only 0 independent degradation episode(s) < 2; rescue lower bound not positive (nan),True,392.0,82.0,310.0,1.000001,train-only state-aware logistic selector,False,0.0,,0.0,1.0,underpowered degraded validation (0<8); only 0 independent degradation episode(s) < 2; rescue lower bound not positive (nan),True,431.0,117.0,314.0,1.000001,train-only state-aware logistic selector,True,True,33.0,1e-12,False,0.0,0.0,False,0.0,False,0.0,False,0.0,0.0,0.0,0.0,0.0,0.0,False,,,True,,True,,True,0.0,0.0,0.0,0.0,0.0,1.0,0.0,0.0,0.0,0.0,"rolling-origin h=1 (observed history, no future info)",delta,,XGBoost Baseline,XGBoost (differenced target + drift bank),7.947 [4.733-11.673],<0.001 (Sm),<0.001 (Sm),0.432 [0.234-0.669],<0.001 (Sm),<0.001 (Sm),0.949 [0.579-1.408],<0.001 (Lg),<0.001 (Lg),source-retained only,1.008386207040331,0.0,h,True,0.0,3.1090150887605748,3.1090150887605748,3.1090150887605748,3,3.1090150887605748,0.6218062788021015,3.1090150887605748,source-retained only,2.5938845850788006,False,0.0,True
M2P-PTAC (clip k=2.0),3.06655458534875,0.9487340226586701,2.406561184919988,0.6892621800546143,24.0,2.7502094023214263,108.0,0.0,108.0,0.9487340226586701,0.931196704154802,108.0,True,1.0188330976963518,False,9.0,9.0,0.0,9.0,99.0,True,9.0,False,0.7088856233350288,0.0,0.0,0.0,0.0,0.0,0.0,0.0,0.0,9.0,0.0,9.0,9.0,0.0,0.0,0.0,True,0.0,2.386770832133923,0.43166493144601387,1.2284420541273968,0.6434032571649392,3.0747695999016758,108.0,0.0,108.0,0.43166493144601387,0.43031110169184283,108.0,True,1.0031461650625517,False,11.0,11.0,0.0,11.0,97.0,True,11.0,False,2.0267060876852163,0.2507839755838362,0.0,0.0,0.0,0.0,0.0,0.0,0.0,0.0,11.0,0.0,11.0,2.0267060876852163,0.0,0.0,0.0,True,0.0,63.076875578247446,7.946646312177039,19.66413791764958,0.532753399186751,1.956674753013299,108.0,0.0,108.0,7.946646312177039,7.921461148434798,108.0,True,1.0031793583620894,False,0.0,0.0,0.0,0.0,108.0,True,0.0,False,7.946646312177039,0.0,0.0,0.0,0.0,0.0,0.0,0.0,0.0,0.0,0.0,0.0,0.0,0.0,0.0,0.0,True,0.0,0.0,True,0.0,0.0,0.0,0.0,0.0,1.4205195486507407,2.428388219418256,2.428388219418256,96.0,1.0,1.0,1.0,1.0,equal_target_MAE_ratio_to_matched_differenced_XGBoost_anchor,1.4205195486507407,source-retained disjoint C-selection block,,,,,,,,k_sigma,,,,,,,True,,0.0,3.0,observed_or_degraded,anchor_residual,True,0.0,3.0,False,0.0,,0.0,1.0,underpowered degraded validation (0<8); only 0 independent degradation episode(s) < 2; rescue lower bound not positive (nan),False,313.0,4.0,309.0,1.000001,"underpowered train selector: n=313/48, pos=4/6, neg=309/12",False,0.0,,0.0,1.0,underpowered degraded validation (0<8); only 0 independent degradation episode(s) < 2; rescue lower bound not positive (nan),True,392.0,82.0,310.0,1.000001,train-only state-aware logistic selector,False,0.0,,0.0,1.0,underpowered degraded validation (0<8); only 0 independent degradation episode(s) < 2; rescue lower bound not positive (nan),True,431.0,117.0,314.0,1.000001,train-only state-aware logistic selector,True,True,33.0,1e-12,False,0.0,0.0,False,0.0,False,0.0,False,0.0,0.0,0.0,0.0,0.0,0.0,False,,,True,,True,,True,0.0,0.0,0.0,0.0,0.0,2.0,0.0,0.0,0.0,0.0,"rolling-origin h=1 (observed history, no future info)",delta,,XGBoost Baseline,XGBoost (differenced target + drift bank),7.947 [4.996-11.858],<0.001 (Sm),<0.001 (Sm),0.432 [0.234-0.657],<0.001 (Sm),<0.001 (Sm),0.949 [0.581-1.397],<0.001 (Lg),<0.001 (Lg),source-retained only,1.008386207040331,0.0,h,True,0.0,3.1090150887605748,3.1090150887605748,3.1090150887605748,3,3.1090150887605748,0.6218062788021015,3.1090150887605748,source-retained only,2.5938845850788006,False,0.0,True
M2P-PTAC (clip k=3.0),3.06655458534875,0.9487340226586701,2.406561184919988,0.6892621800546143,24.0,2.7502094023214263,108.0,0.0,108.0,0.9487340226586701,0.931196704154802,108.0,True,1.0188330976963518,False,9.0,9.0,0.0,9.0,99.0,True,9.0,False,0.7088856233350288,0.0,0.0,0.0,0.0,0.0,0.0,0.0,0.0,9.0,0.0,9.0,9.0,0.0,0.0,0.0,True,0.0,2.386770832133923,0.43166493144601387,1.2284420541273968,0.6434032571649392,3.0747695999016758,108.0,0.0,108.0,0.43166493144601387,0.43031110169184283,108.0,True,1.0031461650625517,False,11.0,11.0,0.0,11.0,97.0,True,11.0,False,2.0267060876852163,0.2507839755838362,0.0,0.0,0.0,0.0,0.0,0.0,0.0,0.0,11.0,0.0,11.0,2.0267060876852163,0.0,0.0,0.0,True,0.0,63.076875578247446,7.946646312177039,19.66413791764958,0.532753399186751,1.956674753013299,108.0,0.0,108.0,7.946646312177039,7.921461148434798,108.0,True,1.0031793583620894,False,0.0,0.0,0.0,0.0,108.0,True,0.0,False,7.946646312177039,0.0,0.0,0.0,0.0,0.0,0.0,0.0,0.0,0.0,0.0,0.0,0.0,0.0,0.0,0.0,True,0.0,0.0,True,0.0,0.0,0.0,0.0,0.0,1.4205195486507407,2.428388219418256,2.428388219418256,96.0,1.0,1.0,1.0,1.0,equal_target_MAE_ratio_to_matched_differenced_XGBoost_anchor,1.4205195486507407,source-retained disjoint C-selection block,,,,,,,,k_sigma,,,,,,,True,,0.0,3.0,observed_or_degraded,anchor_residual,True,0.0,3.0,False,0.0,,0.0,1.0,underpowered degraded validation (0<8); only 0 independent degradation episode(s) < 2; rescue lower bound not positive (nan),False,313.0,4.0,309.0,1.000001,"underpowered train selector: n=313/48, pos=4/6, neg=309/12",False,0.0,,0.0,1.0,underpowered degraded validation (0<8); only 0 independent degradation episode(s) < 2; rescue lower bound not positive (nan),True,392.0,82.0,310.0,1.000001,train-only state-aware logistic selector,False,0.0,,0.0,1.0,underpowered degraded validation (0<8); only 0 independent degradation episode(s) < 2; rescue lower bound not positive (nan),True,431.0,117.0,314.0,1.000001,train-only state-aware logistic selector,True,True,33.0,1e-12,False,0.0,0.0,False,0.0,False,0.0,False,0.0,0.0,0.0,0.0,0.0,0.0,False,,,True,,True,,True,0.0,0.0,0.0,0.0,0.0,3.0,0.0,0.0,0.0,0.0,"rolling-origin h=1 (observed history, no future info)",delta,,XGBoost Baseline,XGBoost (differenced target + drift bank),7.947 [4.909-11.473],<0.001 (Sm),<0.001 (Sm),0.432 [0.239-0.677],<0.001 (Sm),<0.001 (Sm),0.949 [0.565-1.419],<0.001 (Lg),<0.001 (Lg),source-retained only,1.008386207040331,0.0,h,True,0.0,3.1090150887605748,3.1090150887605748,3.1090150887605748,3,3.1090150887605748,0.6218062788021015,3.1090150887605748,source-retained only,2.5938845850788006,False,0.0,True
"M2P-PTAC (unbounded, as submitted)",3.06655458534875,0.9487340226586701,2.406561184919988,0.6892621800546143,24.0,2.7502094023214263,108.0,0.0,108.0,0.9487340226586701,0.931196704154802,108.0,True,1.0188330976963518,False,9.0,9.0,0.0,9.0,99.0,True,9.0,False,0.7088856233350288,0.0,0.0,0.0,0.0,0.0,0.0,0.0,0.0,9.0,0.0,9.0,9.0,0.0,0.0,0.0,True,0.0,2.386770832133923,0.43166493144601387,1.2284420541273968,0.6434032571649392,3.0747695999016758,108.0,0.0,108.0,0.43166493144601387,0.43031110169184283,108.0,True,1.0031461650625517,False,11.0,11.0,0.0,11.0,97.0,True,11.0,False,2.0267060876852163,0.2507839755838362,0.0,0.0,0.0,0.0,0.0,0.0,0.0,0.0,11.0,0.0,11.0,2.0267060876852163,0.0,0.0,0.0,True,0.0,63.076875578247446,7.946646312177039,19.66413791764958,0.532753399186751,1.956674753013299,108.0,0.0,108.0,7.946646312177039,7.921461148434798,108.0,True,1.0031793583620894,False,0.0,0.0,0.0,0.0,108.0,True,0.0,False,7.946646312177039,0.0,0.0,0.0,0.0,0.0,0.0,0.0,0.0,0.0,0.0,0.0,0.0,0.0,0.0,0.0,True,0.0,0.0,True,0.0,0.0,0.0,0.0,0.0,1.4205195486507407,2.428388219418256,2.428388219418256,96.0,1.0,1.0,1.0,1.0,equal_target_MAE_ratio_to_matched_differenced_XGBoost_anchor,1.4205195486507407,source-retained disjoint C-selection block,,,,,,,,none,,,,,,,True,,0.0,3.0,observed_or_degraded,anchor_residual,True,0.0,3.0,False,0.0,,0.0,1.0,underpowered degraded validation (0<8); only 0 independent degradation episode(s) < 2; rescue lower bound not positive (nan),False,313.0,4.0,309.0,1.000001,"underpowered train selector: n=313/48, pos=4/6, neg=309/12",False,0.0,,0.0,1.0,underpowered degraded validation (0<8); only 0 independent degradation episode(s) < 2; rescue lower bound not positive (nan),True,392.0,82.0,310.0,1.000001,train-only state-aware logistic selector,False,0.0,,0.0,1.0,underpowered degraded validation (0<8); only 0 independent degradation episode(s) < 2; rescue lower bound not positive (nan),True,431.0,117.0,314.0,1.000001,train-only state-aware logistic selector,True,True,33.0,1e-12,False,0.0,0.0,False,0.0,False,0.0,False,0.0,0.0,0.0,0.0,0.0,0.0,False,,,True,,True,,True,,,,,0.0,,,,,,"rolling-origin h=1 (observed history, no future info)",delta,,XGBoost Baseline,XGBoost (differenced target + drift bank),7.947 [4.823-11.596],<0.001 (Sm),<0.001 (Sm),0.432 [0.228-0.657],<0.001 (Sm),<0.001 (Sm),0.949 [0.594-1.422],<0.001 (Lg),<0.001 (Lg),source-retained only,1.008386207040331,0.0,h,True,0.0,3.1090150887605748,3.1090150887605748,3.1090150887605748,3,3.1090150887605748,0.6218062788021015,3.1090150887605748,source-retained only,2.5938845850788006,False,0.0,True
M2P-PTAC (conformal a=0.2),3.06655458534875,0.9487340226586701,2.406561184919988,0.6892621800546143,24.0,2.7502094023214263,108.0,0.0,108.0,0.9487340226586701,0.931196704154802,108.0,True,1.0188330976963518,False,9.0,9.0,0.0,9.0,99.0,True,9.0,False,0.7088856233350288,0.0,0.0,0.0,0.0,0.0,0.0,0.0,0.0,9.0,0.0,9.0,9.0,0.0,0.0,0.0,True,0.0,2.386770832133923,0.43166493144601387,1.2284420541273968,0.6434032571649392,3.0747695999016758,108.0,0.0,108.0,0.43166493144601387,0.43031110169184283,108.0,True,1.0031461650625517,False,11.0,11.0,0.0,11.0,97.0,True,11.0,False,2.0267060876852163,0.2507839755838362,0.0,0.0,0.0,0.0,0.0,0.0,0.0,0.0,11.0,0.0,11.0,2.0267060876852163,0.0,0.0,0.0,True,0.0,63.076875578247446,7.946646312177039,19.66413791764958,0.532753399186751,1.956674753013299,108.0,0.0,108.0,7.946646312177039,7.921461148434798,108.0,True,1.0031793583620894,False,0.0,0.0,0.0,0.0,108.0,True,0.0,False,7.946646312177039,0.0,0.0,0.0,0.0,0.0,0.0,0.0,0.0,0.0,0.0,0.0,0.0,0.0,0.0,0.0,True,0.0,0.0,True,0.0,0.0,0.0,0.0,0.0,1.4205195486507407,2.428388219418256,2.428388219418256,96.0,1.0,1.0,1.0,1.0,equal_target_MAE_ratio_to_matched_differenced_XGBoost_anchor,1.4205195486507407,source-retained disjoint C-selection block,0.2,0.0,44.0,0.0,44.0,0.0,44.0,conformal,True,4.0,True,4.0,True,4.0,True,,0.0,3.0,observed_or_degraded,anchor_residual,True,0.0,3.0,False,0.0,,0.0,1.0,underpowered degraded validation (0<8); only 0 independent degradation episode(s) < 2; rescue lower bound not positive (nan),False,313.0,4.0,309.0,1.000001,"underpowered train selector: n=313/48, pos=4/6, neg=309/12",False,0.0,,0.0,1.0,underpowered degraded validation (0<8); only 0 independent degradation episode(s) < 2; rescue lower bound not positive (nan),True,392.0,82.0,310.0,1.000001,train-only state-aware logistic selector,False,0.0,,0.0,1.0,underpowered degraded validation (0<8); only 0 independent degradation episode(s) < 2; rescue lower bound not positive (nan),True,431.0,117.0,314.0,1.000001,train-only state-aware logistic selector,True,True,33.0,1e-12,False,0.0,0.0,False,0.0,False,0.0,False,0.0,0.0,0.0,0.0,0.0,0.0,False,,,True,,True,,True,0.0,0.0,0.0,0.0,0.0,,0.0,0.0,0.0,0.0,"rolling-origin h=1 (observed history, no future info)",delta,,XGBoost Baseline,XGBoost (differenced target + drift bank),7.947 [5.022-11.587],<0.001 (Sm),<0.001 (Sm),0.432 [0.234-0.679],<0.001 (Sm),<0.001 (Sm),0.949 [0.576-1.409],<0.001 (Lg),<0.001 (Lg),source-retained only,1.008386207040331,0.0,h,True,0.0,3.1090150887605748,3.1090150887605748,3.1090150887605748,3,3.1090150887605748,0.6218062788021015,3.1090150887605748,source-retained only,2.5938845850788006,False,0.0,True
M2P-PTAC (conformal a=0.1),3.06655458534875,0.9487340226586701,2.406561184919988,0.6892621800546143,24.0,2.7502094023214263,108.0,0.0,108.0,0.9487340226586701,0.931196704154802,108.0,True,1.0188330976963518,False,9.0,9.0,0.0,9.0,99.0,True,9.0,False,0.7088856233350288,0.0,0.0,0.0,0.0,0.0,0.0,0.0,0.0,9.0,0.0,9.0,9.0,0.0,0.0,0.0,True,0.0,2.386770832133923,0.43166493144601387,1.2284420541273968,0.6434032571649392,3.0747695999016758,108.0,0.0,108.0,0.43166493144601387,0.43031110169184283,108.0,True,1.0031461650625517,False,11.0,11.0,0.0,11.0,97.0,True,11.0,False,2.0267060876852163,0.2507839755838362,0.0,0.0,0.0,0.0,0.0,0.0,0.0,0.0,11.0,0.0,11.0,2.0267060876852163,0.0,0.0,0.0,True,0.0,63.076875578247446,7.946646312177039,19.66413791764958,0.532753399186751,1.956674753013299,108.0,0.0,108.0,7.946646312177039,7.921461148434798,108.0,True,1.0031793583620894,False,0.0,0.0,0.0,0.0,108.0,True,0.0,False,7.946646312177039,0.0,0.0,0.0,0.0,0.0,0.0,0.0,0.0,0.0,0.0,0.0,0.0,0.0,0.0,0.0,True,0.0,0.0,True,0.0,0.0,0.0,0.0,0.0,1.4205195486507407,2.428388219418256,2.428388219418256,96.0,1.0,1.0,1.0,1.0,equal_target_MAE_ratio_to_matched_differenced_XGBoost_anchor,1.4205195486507407,source-retained disjoint C-selection block,0.1,0.5982130765914917,44.0,0.11351171135902405,44.0,7.780900955200195,44.0,conformal,True,9.0,True,9.0,True,9.0,True,,0.0,3.0,observed_or_degraded,anchor_residual,True,0.0,3.0,False,0.0,,0.0,1.0,underpowered degraded validation (0<8); only 0 independent degradation episode(s) < 2; rescue lower bound not positive (nan),False,313.0,4.0,309.0,1.000001,"underpowered train selector: n=313/48, pos=4/6, neg=309/12",False,0.0,,0.0,1.0,underpowered degraded validation (0<8); only 0 independent degradation episode(s) < 2; rescue lower bound not positive (nan),True,392.0,82.0,310.0,1.000001,train-only state-aware logistic selector,False,0.0,,0.0,1.0,underpowered degraded validation (0<8); only 0 independent degradation episode(s) < 2; rescue lower bound not positive (nan),True,431.0,117.0,314.0,1.000001,train-only state-aware logistic selector,True,True,33.0,1e-12,False,0.0,0.0,False,0.0,False,0.0,False,0.0,0.0,0.0,0.0,0.0,0.0,False,,,True,,True,,True,0.0,0.0,0.0,0.0,0.0,,0.0,0.0,0.0,0.0,"rolling-origin h=1 (observed history, no future info)",delta,,XGBoost Baseline,XGBoost (differenced target + drift bank),7.947 [4.959-11.776],<0.001 (Sm),<0.001 (Sm),0.432 [0.233-0.686],<0.001 (Sm),<0.001 (Sm),0.949 [0.582-1.429],<0.001 (Lg),<0.001 (Lg),source-retained only,1.008386207040331,0.0,h,True,0.0,3.1090150887605748,3.1090150887605748,3.1090150887605748,3,3.1090150887605748,0.6218062788021015,3.1090150887605748,source-retained only,2.5938845850788006,False,0.0,True
M2P-PTAC (conformal a=0.05),3.06655458534875,0.9487340226586701,2.406561184919988,0.6892621800546143,24.0,2.7502094023214263,108.0,0.0,108.0,0.9487340226586701,0.931196704154802,108.0,True,1.0188330976963518,False,9.0,9.0,0.0,9.0,99.0,True,9.0,False,0.7088856233350288,0.0,0.0,0.0,0.0,0.0,0.0,0.0,0.0,9.0,0.0,9.0,9.0,0.0,0.0,0.0,True,0.0,2.386770832133923,0.43166493144601387,1.2284420541273968,0.6434032571649392,3.0747695999016758,108.0,0.0,108.0,0.43166493144601387,0.43031110169184283,108.0,True,1.0031461650625517,False,11.0,11.0,0.0,11.0,97.0,True,11.0,False,2.0267060876852163,0.2507839755838362,0.0,0.0,0.0,0.0,0.0,0.0,0.0,0.0,11.0,0.0,11.0,2.0267060876852163,0.0,0.0,0.0,True,0.0,63.076875578247446,7.946646312177039,19.66413791764958,0.532753399186751,1.956674753013299,108.0,0.0,108.0,7.946646312177039,7.921461148434798,108.0,True,1.0031793583620894,False,0.0,0.0,0.0,0.0,108.0,True,0.0,False,7.946646312177039,0.0,0.0,0.0,0.0,0.0,0.0,0.0,0.0,0.0,0.0,0.0,0.0,0.0,0.0,0.0,True,0.0,0.0,True,0.0,0.0,0.0,0.0,0.0,1.4205195486507407,2.428388219418256,2.428388219418256,96.0,1.0,1.0,1.0,1.0,equal_target_MAE_ratio_to_matched_differenced_XGBoost_anchor,1.4205195486507407,source-retained disjoint C-selection block,0.05,0.6137687563896179,44.0,0.06920307874679565,44.0,7.167749881744385,44.0,conformal,True,19.0,True,19.0,True,19.0,True,,0.0,3.0,observed_or_degraded,anchor_residual,True,0.0,3.0,False,0.0,,0.0,1.0,underpowered degraded validation (0<8); only 0 independent degradation episode(s) < 2; rescue lower bound not positive (nan),False,313.0,4.0,309.0,1.000001,"underpowered train selector: n=313/48, pos=4/6, neg=309/12",False,0.0,,0.0,1.0,underpowered degraded validation (0<8); only 0 independent degradation episode(s) < 2; rescue lower bound not positive (nan),True,392.0,82.0,310.0,1.000001,train-only state-aware logistic selector,False,0.0,,0.0,1.0,underpowered degraded validation (0<8); only 0 independent degradation episode(s) < 2; rescue lower bound not positive (nan),True,431.0,117.0,314.0,1.000001,train-only state-aware logistic selector,True,True,33.0,1e-12,False,0.0,0.0,False,0.0,False,0.0,False,0.0,0.0,0.0,0.0,0.0,0.0,False,,,True,,True,,True,0.0,0.0,0.0,0.0,0.0,,0.0,0.0,0.0,0.0,"rolling-origin h=1 (observed history, no future info)",delta,,XGBoost Baseline,XGBoost (differenced target + drift bank),7.947 [4.919-11.509],<0.001 (Sm),<0.001 (Sm),0.432 [0.229-0.668],<0.001 (Sm),<0.001 (Sm),0.949 [0.572-1.386],<0.001 (Lg),<0.001 (Lg),source-retained only,1.008386207040331,0.0,h,True,0.0,3.1090150887605748,3.1090150887605748,3.1090150887605748,3,3.1090150887605748,0.6218062788021015,3.1090150887605748,source-retained only,2.5938845850788006,False,0.0,True
M2P-PTAC (R9 gate disabled; R19 retained),3.06655458534875,0.9487340226586701,2.406561184919988,0.6892621800546143,24.0,2.7502094023214263,108.0,0.0,108.0,0.9487340226586701,0.931196704154802,108.0,True,1.0188330976963518,False,9.0,9.0,0.0,9.0,99.0,True,9.0,False,0.7088856233350288,0.0,0.0,0.0,0.0,0.0,0.0,0.0,0.0,9.0,0.0,9.0,9.0,0.0,0.0,0.0,True,0.0,2.386770832133923,0.43166493144601387,1.2284420541273968,0.6434032571649392,3.0747695999016758,108.0,0.0,108.0,0.43166493144601387,0.43031110169184283,108.0,True,1.0031461650625517,False,11.0,11.0,0.0,11.0,97.0,True,11.0,False,2.0267060876852163,0.2507839755838362,0.0,0.0,0.0,0.0,0.0,0.0,0.0,0.0,11.0,0.0,11.0,2.0267060876852163,0.0,0.0,0.0,True,0.0,63.076875578247446,7.946646312177039,19.66413791764958,0.532753399186751,1.956674753013299,108.0,0.0,108.0,7.946646312177039,7.921461148434798,108.0,True,1.0031793583620894,False,0.0,0.0,0.0,0.0,108.0,True,0.0,False,7.946646312177039,0.0,0.0,0.0,0.0,0.0,0.0,0.0,0.0,0.0,0.0,0.0,0.0,0.0,0.0,0.0,True,0.0,0.0,True,0.0,0.0,0.0,0.0,0.0,1.4205195486507407,2.428388219418256,2.428388219418256,96.0,1.0,1.0,1.0,1.0,equal_target_MAE_ratio_to_matched_differenced_XGBoost_anchor,1.4205195486507407,source-retained disjoint C-selection block,0.1,0.600344181060791,44.0,0.10157972574234009,44.0,7.455492973327637,44.0,conformal,True,9.0,True,9.0,True,9.0,True,,0.0,3.0,observed_or_degraded,anchor_residual,True,0.0,3.0,False,0.0,,0.0,1.0,underpowered degraded validation (0<8); only 0 independent degradation episode(s) < 2; rescue lower bound not positive (nan),False,313.0,4.0,309.0,1.000001,"underpowered train selector: n=313/48, pos=4/6, neg=309/12",False,0.0,,0.0,1.0,underpowered degraded validation (0<8); only 0 independent degradation episode(s) < 2; rescue lower bound not positive (nan),True,392.0,82.0,310.0,1.000001,train-only state-aware logistic selector,False,0.0,,0.0,1.0,underpowered degraded validation (0<8); only 0 independent degradation episode(s) < 2; rescue lower bound not positive (nan),True,431.0,117.0,314.0,1.000001,train-only state-aware logistic selector,True,True,33.0,1e-12,False,0.0,0.0,False,0.0,False,0.0,False,0.0,0.0,0.0,0.0,0.0,0.0,False,,,True,,True,,True,0.0,0.0,0.0,0.0,0.0,,0.0,0.0,0.0,0.0,"rolling-origin h=1 (observed history, no future info)",delta,,XGBoost Baseline,XGBoost (differenced target + drift bank),7.947 [4.958-11.635],<0.001 (Sm),<0.001 (Sm),0.432 [0.235-0.658],<0.001 (Sm),<0.001 (Sm),0.949 [0.563-1.394],<0.001 (Lg),<0.001 (Lg),source-retained only,1.008386207040331,0.0,h,True,0.0,3.1090150887605748,3.1090150887605748,3.1090150887605748,3,3.1090150887605748,0.6218062788021015,3.1090150887605748,source-retained only,2.5938845850788006,False,0.0,True
Ablation: M2P-Monolithic (no parity anchor),,2.8211831500017093,4.703056353930649,1.9581042620817823,,,,,,,1.0005492659422446,98.0,True,2.819634420844759,False,,,,,,,,,,,,,,,,,,,,,,,,,,,,0.809194141879945,1.789456546710548,1.244522525936132,,,,,,0.4660052590814921,98.0,True,1.7364485187890082,False,,,,,,,,,,,,,,,,,,,,,,,,,,,,,20.338159849998213,33.53413369768505,1.3688555177430701,,,,,,8.365657827930999,98.0,True,2.431148902850628,False,,,,,,,,,,,,,,,,,,,,,,,,,,,,,0.0,0.0,0.0,,,,,,,,,,,,,,,,,,,,,,,,,,,,,,,,,,,,,,,,,,,,,,,,,,,,,,,,,,,,,,,,,,,,,,,,,,,,,,,,,,,,,,,,,,,,,,,,,,,,,,,,,,,,,"rolling-origin h=1 (observed history, no future info)",level,,XGBoost Baseline,XGBoost (differenced target + drift bank),nan [15.276-25.859],1.000 (Md),1.000 (Md),nan [0.520-1.164],1.000 (Sm),1.000 (Sm),nan [2.147-3.637],<0.001 (Lg),<0.001 (Lg),source-retained only,2.3290772808281317,0.0,h,True,0.0,7.989512380626622,7.989512380626622,,0,,1.5238274352536614,,source-retained only,,False,,False
"Ablation: M2P-Monolithic (tuned, C-T7) (no parity anchor)",,2.3585970537942593,4.378129360546467,1.6370362000656624,,,,,,,1.0005492659422446,98.0,True,2.3573022679429023,False,,,,,,,,,,,,,,,,,,,,,,,,,,,,0.8774480394843135,1.8263582149926276,1.3494954967663848,,,,,,0.4660052590814921,98.0,True,1.8829144572612448,False,,,,,,,,,,,,,,,,,,,,,,,,,,,,,20.08194469608997,33.64823591157937,1.351611011369662,,,,,,8.365657827930999,98.0,True,2.4005218847274623,False,,,,,,,,,,,,,,,,,,,,,,,,,,,,,0.0,0.0,0.0,,,,,,,,,,,,,,,,,,,,,,,,,,,,,,,,,,,,,,,,,,,,,,,,,,,,,,,,,,,,,,,,,,,,,,,,,,,,,,,,,,,,,,,,,,,,,,,,,,,,,,,,,,,,,"rolling-origin h=1 (observed history, no future info)",level,,XGBoost Baseline,XGBoost (differenced target + drift bank),nan [14.875-25.461],1.000 (Md),1.000 (Md),nan [0.574-1.193],1.000 (Md),1.000 (Md),nan [1.693-3.103],<0.001 (Lg),<0.001 (Lg),source-retained only,2.21357953664387,0.0,h,True,0.0,7.772663263122848,7.772663263122848,,0,,1.4460475694005697,,source-retained only,,False,,False
XGBoost Baseline,3.06655458534875,3.383981441648039,4.392180857595317,2.458487173463409,24.0,9.809553948556925,108.0,0.0,108.0,3.383981441648039,0.931196704154802,108.0,True,3.634013551110557,False,9.0,9.0,0.0,9.0,99.0,True,9.0,False,2.6573434522321855,0.0,0.0,0.0,0.0,0.0,0.0,0.0,0.0,9.0,0.0,9.0,9.0,0.0,0.0,0.0,True,,2.386770832133923,0.5501984405424609,1.0797515404199134,0.8200792859087336,3.9190893576325765,108.0,0.0,108.0,0.5501984405424609,0.43031110169184283,108.0,True,1.2786061953299839,False,11.0,11.0,0.0,11.0,97.0,True,11.0,False,1.878798557050301,0.39953244794878817,0.0,0.0,0.0,0.0,0.0,0.0,0.0,0.0,11.0,0.0,11.0,1.878798557050301,0.0,0.0,0.0,True,,63.076875578247446,17.287569554940518,25.60837537357332,1.1589809187756341,4.256657407449981,108.0,0.0,108.0,17.287569554940518,7.921461148434798,108.0,True,2.182371311428621,False,0.0,0.0,0.0,0.0,108.0,True,0.0,False,17.287569554940518,0.0,0.0,0.0,0.0,0.0,0.0,0.0,0.0,0.0,0.0,0.0,0.0,0.0,0.0,0.0,True,,0.0,True,0.0,0.0,0.0,0.0,0.0,,,,,,,,,,,,,,,,,,,,,,,,,,,,,,,,,,,,,,,,,,,,,,,,,,,,,,,,,,,,,,,,,,,,,,,,False,0.0,,,,,,,,,,,,,,,,,,,,,,,,,,,,,,,,,,"rolling-origin h=1 (observed history, no future info)",level,128.0,XGBoost Baseline,XGBoost (differenced target + drift bank),17.288 [13.844-20.794],Ref,Ref,0.550 [0.384-0.731],Ref,Ref,3.384 [2.838-3.949],Ref,Ref,source-retained only,2.3649970192897207,0.0,h,True,0.0,7.073916479043672,7.073916479043672,7.073916479043672,3,7.073916479043672,1.4791824593825922,7.073916479043672,source-retained only,5.995100237879828,False,,False
LightGBM Baseline,3.06655458534875,2.0823085663441043,4.022729796948222,1.512812345406004,24.0,6.036238251101862,108.0,0.0,108.0,2.0823085663441043,0.931196704154802,108.0,True,2.2361640210422626,False,9.0,9.0,0.0,9.0,99.0,True,9.0,False,1.1201058448617107,0.0,0.0,0.0,0.0,0.0,0.0,0.0,0.0,9.0,0.0,9.0,9.0,0.0,0.0,0.0,True,,2.386770832133923,0.5628982106603004,1.497633866757996,0.8390084897050486,4.009550417217066,108.0,0.0,108.0,0.5628982106603004,0.43031110169184283,108.0,True,1.3081191920151918,False,11.0,11.0,0.0,11.0,97.0,True,11.0,False,4.510771726041674,0.11520121407066002,0.0,0.0,0.0,0.0,0.0,0.0,0.0,0.0,11.0,0.0,11.0,4.510771726041674,0.0,0.0,0.0,True,,63.076875578247446,9.872234047511663,21.22234741564886,0.6618472799424425,2.4308054439272517,108.0,0.0,108.0,9.872234047511663,7.921461148434798,108.0,True,1.2462642765675016,False,0.0,0.0,0.0,0.0,108.0,True,0.0,False,9.872234047511663,0.0,0.0,0.0,0.0,0.0,0.0,0.0,0.0,0.0,0.0,0.0,0.0,0.0,0.0,0.0,True,,0.0,True,0.0,0.0,0.0,0.0,0.0,,,,,,,,,,,,,,,,,,,,,,,,,,,,,,,,,,,,,,,,,,,,,,,,,,,,,,,,,,,,,,,,,,,,,,,,False,0.0,,,,,,,,,,,,,,,,,,,,,,,,,,,,,,,,,,"rolling-origin h=1 (observed history, no future info)",level,128.0,XGBoost Baseline,XGBoost (differenced target + drift bank),9.872 [6.654-13.652],<0.001 (Negl),<0.001 (Negl),0.563 [0.326-0.834],<0.001 (Sm),<0.001 (Sm),2.082 [1.485-2.784],<0.001 (Lg),<0.001 (Lg),source-retained only,1.5968491632083186,0.0,h,True,0.0,4.17248027483869,4.17248027483869,4.17248027483869,3,4.17248027483869,1.0045560383511651,4.17248027483869,source-retained only,4.15886470408206,False,,False
XGBoost (differenced target),3.06655458534875,0.9436992793894216,2.4066888186015998,0.6856044023857448,24.0,2.7356145865493944,108.0,0.0,108.0,0.9436992793894216,0.931196704154802,108.0,True,1.0134263525405918,False,9.0,9.0,0.0,9.0,99.0,True,9.0,False,0.7027900349537507,0.0,0.0,0.0,0.0,0.0,0.0,0.0,0.0,9.0,0.0,9.0,9.0,0.0,0.0,0.0,True,,2.386770832133923,0.43166493144601387,1.2284420541273968,0.6434032571649392,3.0747695999016758,108.0,0.0,108.0,0.43166493144601387,0.43031110169184283,108.0,True,1.0031461650625517,False,11.0,11.0,0.0,11.0,97.0,True,11.0,False,2.0267060876852163,0.2507839755838362,0.0,0.0,0.0,0.0,0.0,0.0,0.0,0.0,11.0,0.0,11.0,2.0267060876852163,0.0,0.0,0.0,True,,63.076875578247446,7.945127150659066,19.663011051687548,0.5326515526428355,1.9563006952194582,108.0,0.0,108.0,7.945127150659066,7.921461148434798,108.0,True,1.002987580419926,False,0.0,0.0,0.0,0.0,108.0,True,0.0,False,7.945127150659066,0.0,0.0,0.0,0.0,0.0,0.0,0.0,0.0,0.0,0.0,0.0,0.0,0.0,0.0,0.0,True,,0.0,True,0.0,0.0,0.0,0.0,0.0,,,,,,,,,,,,,,,,,,,,,,,,,,,,,,,,,,,,,,,,,,,,,,,,,,,,,,,,,,,,,,,,,,,,,,,,False,0.0,,,,,,,,,,,,,,,,,,,,,,,,,,,,,,,,,,"rolling-origin h=1 (observed history, no future info)",delta,128.0,XGBoost Baseline,XGBoost (differenced target + drift bank),7.945 [4.899-11.611],<0.001 (Sm),<0.001 (Sm),0.432 [0.241-0.655],<0.001 (Sm),<0.001 (Sm),0.944 [0.582-1.399],<0.001 (Lg),<0.001 (Lg),source-retained only,1.0065200326743564,0.0,h,True,0.0,3.1068304538315004,3.1068304538315004,3.1068304538315004,3,3.1068304538315004,0.6205530707311732,3.1068304538315004,source-retained only,2.5888949605568428,False,,False
LightGBM (differenced target),3.06655458534875,0.8564992546669168,2.392884292421679,0.6222529490747111,24.0,2.4828373885709323,108.0,0.0,108.0,0.8564992546669168,0.931196704154802,108.0,True,0.9197833828721675,True,9.0,9.0,0.0,9.0,99.0,True,9.0,False,0.614490053465713,0.0,0.0,0.0,0.0,0.0,0.0,0.0,0.0,9.0,0.0,9.0,9.0,0.0,0.0,0.0,True,,2.386770832133923,0.4313254236696904,1.2289682057902278,0.6428972155729397,3.072351270050157,108.0,0.0,108.0,0.4313254236696904,0.43031110169184283,108.0,True,1.00235718291687,False,11.0,11.0,0.0,11.0,97.0,True,11.0,False,2.0322312513220067,0.2497794019771598,0.0,0.0,0.0,0.0,0.0,0.0,0.0,0.0,11.0,0.0,11.0,2.0322312513220067,0.0,0.0,0.0,True,,63.076875578247446,7.999453588524636,19.668815390005985,0.5362936669765564,1.9696773028117476,108.0,0.0,108.0,7.999453588524636,7.921461148434798,108.0,True,1.009845713893989,False,0.0,0.0,0.0,0.0,108.0,True,0.0,False,7.999453588524636,0.0,0.0,0.0,0.0,0.0,0.0,0.0,0.0,0.0,0.0,0.0,0.0,0.0,0.0,0.0,True,,0.0,True,0.0,0.0,0.0,0.0,0.0,,,,,,,,,,,,,,,,,,,,,,,,,,,,,,,,,,,,,,,,,,,,,,,,,,,,,,,,,,,,,,,,,,,,,,,,False,0.0,,,,,,,,,,,,,,,,,,,,,,,,,,,,,,,,,,"rolling-origin h=1 (observed history, no future info)",delta,128.0,XGBoost Baseline,XGBoost (differenced target + drift bank),7.999 [5.000-11.698],<0.001 (Sm),<0.001 (Sm),0.431 [0.240-0.671],<0.001 (Sm),<0.001 (Sm),0.856 [0.473-1.308],<0.001 (Lg),<0.001 (Lg),source-retained only,0.9773287598943421,0.3333333333333333,h,True,0.0,3.095759422287081,3.095759422287081,3.095759422287081,3,3.095759422287081,0.6004812772080691,3.095759422287081,source-retained only,2.5082886538109457,False,,False
XGBoost (differenced target + drift bank),3.06655458534875,0.9487340226586701,2.406561184919988,0.6892621800546143,24.0,2.7502094023214263,108.0,0.0,108.0,0.9487340226586701,0.931196704154802,108.0,True,1.0188330976963518,False,9.0,9.0,0.0,9.0,99.0,True,9.0,False,0.7088856233350288,0.0,0.0,0.0,0.0,0.0,0.0,0.0,0.0,9.0,0.0,9.0,9.0,0.0,0.0,0.0,True,,2.386770832133923,0.43166493144601387,1.2284420541273968,0.6434032571649392,3.0747695999016758,108.0,0.0,108.0,0.43166493144601387,0.43031110169184283,108.0,True,1.0031461650625517,False,11.0,11.0,0.0,11.0,97.0,True,11.0,False,2.0267060876852163,0.2507839755838362,0.0,0.0,0.0,0.0,0.0,0.0,0.0,0.0,11.0,0.0,11.0,2.0267060876852163,0.0,0.0,0.0,True,,63.076875578247446,7.946646312177039,19.66413791764958,0.532753399186751,1.956674753013299,108.0,0.0,108.0,7.946646312177039,7.921461148434798,108.0,True,1.0031793583620894,False,0.0,0.0,0.0,0.0,108.0,True,0.0,False,7.946646312177039,0.0,0.0,0.0,0.0,0.0,0.0,0.0,0.0,0.0,0.0,0.0,0.0,0.0,0.0,0.0,True,,0.0,True,0.0,0.0,0.0,0.0,0.0,,,,,,,,,,,,,,,,,,,,,,,,,,,,,,,,,,,,,,,,,,,,,,,,,,,,,,,,,,,,,,,,,,,,,,,,True,33.0,,,,,,,,,,,,,,,,,,,,,,,,,,,,,,,,,,"rolling-origin h=1 (observed history, no future info)",delta,161.0,XGBoost Baseline,XGBoost (differenced target + drift bank),7.947 [4.896-11.343],<0.001 (Sm),<0.001 (Sm),0.432 [0.239-0.670],<0.001 (Sm),<0.001 (Sm),0.949 [0.561-1.411],<0.001 (Lg),<0.001 (Lg),source-retained only,1.008386207040331,0.0,h,True,0.0,3.1090150887605748,3.1090150887605748,3.1090150887605748,3,3.1090150887605748,0.6218062788021015,3.1090150887605748,source-retained only,2.5938845850788006,False,,False
LightGBM (differenced target + drift bank),3.06655458534875,0.854261788103627,2.3936913151279486,0.6206274133140237,24.0,2.4763513751754234,108.0,0.0,108.0,0.854261788103627,0.931196704154802,108.0,True,0.9173805967010967,True,9.0,9.0,0.0,9.0,99.0,True,9.0,False,0.6116456011641743,0.0,0.0,0.0,0.0,0.0,0.0,0.0,0.0,9.0,0.0,9.0,9.0,0.0,0.0,0.0,True,,2.386770832133923,0.4314030097877068,1.2283465936385245,0.6430128588819184,3.0729039196162273,108.0,0.0,108.0,0.4314030097877068,0.43031110169184283,108.0,True,1.0025374853020779,False,11.0,11.0,0.0,11.0,97.0,True,11.0,False,2.0333640839875726,0.2497373209609179,0.0,0.0,0.0,0.0,0.0,0.0,0.0,0.0,11.0,0.0,11.0,2.0333640839875726,0.0,0.0,0.0,True,,63.076875578247446,8.068583646115728,19.669833020475597,0.5409282350346811,1.9866989535873172,108.0,0.0,108.0,8.068583646115728,7.921461148434798,108.0,True,1.0185726465009552,False,0.0,0.0,0.0,0.0,108.0,True,0.0,False,8.068583646115728,0.0,0.0,0.0,0.0,0.0,0.0,0.0,0.0,0.0,0.0,0.0,0.0,0.0,0.0,0.0,True,,0.0,True,0.0,0.0,0.0,0.0,0.0,,,,,,,,,,,,,,,,,,,,,,,,,,,,,,,,,,,,,,,,,,,,,,,,,,,,,,,,,,,,,,,,,,,,,,,,True,33.0,,,,,,,,,,,,,,,,,,,,,,,,,,,,,,,,,,"rolling-origin h=1 (observed history, no future info)",delta,161.0,XGBoost Baseline,XGBoost (differenced target + drift bank),8.069 [5.096-11.920],<0.001 (Negl),<0.001 (Negl),0.431 [0.233-0.671],<0.001 (Sm),<0.001 (Sm),0.854 [0.480-1.291],<0.001 (Lg),<0.001 (Lg),source-retained only,0.9794969095013766,0.3333333333333333,h,True,0.0,3.118082814669021,3.118082814669021,3.118082814669021,3,3.118082814669021,0.601522835743541,3.118082814669021,source-retained only,2.511984749459656,False,,False
Prophet Specialist,,3.3063044043386745,4.193153548940807,2.826987668081263,,,,,,,0.931196704154802,108.0,True,3.5505971934679814,False,,,,,,,,,,,,,,,,,,,,,,,,,,,,1.198676236746768,1.545052658646509,2.0912517102187085,,,,,,0.43031110169184283,108.0,True,2.785603792312037,False,,,,,,,,,,,,,,,,,,,,,,,,,,,,,18.410329253356817,30.46886202244247,1.4525965393867797,,,,,,7.921461148434798,108.0,True,2.324107750878071,False,,,,,,,,,,,,,,,,,,,,,,,,,,,,,0.0,0.0,0.0,,,,,,,,,,,,,,,,,,,,,,,,,,,,,,,,,,,,,,,,,,,,,,,,,,,,,,,,,,,,,,,,,,,,,,,,,,,,,,,,,,,,,,,,,,,,,,,,,,,,,,,,,,,,,"rolling-origin h<=24 (refit every 24 steps, observed history)",level,,XGBoost Baseline,XGBoost (differenced target + drift bank),nan [14.114-23.338],1.000 (Md),1.000 (Md),nan [1.016-1.384],1.000 (Lg),1.000 (Lg),nan [2.843-3.804],0.336 (Lg),0.336 (Lg),source-retained only,2.88676957888603,0.0,h,True,0.0,7.6384366314807535,7.6384366314807535,,0,,2.12361197256225,,source-retained only,,False,,False
N-HiTS,,1.067450741753594,2.506822919478024,0.9127018308603682,,3.6124711903189324,,,,,0.931196704154802,108.0,True,1.146321434548528,False,,,,,,,,,,,,,,,,,,,,,,,,,,,,0.48908547361314425,1.266952491246751,0.8532753063600539,4.062549297877249,,,,,0.43031110169184283,108.0,True,1.1365857671117936,False,,,,,,,,,,,,,,,,,,,,,,,,,,,,,8.071991979573204,19.381385431802112,0.6368896207191924,2.3203352653964946,,,,,7.921461148434798,108.0,True,1.0190029122554176,False,,,,,,,,,,,,,,,,,,,,,,,,,,,,,0.0,0.0,0.0,,,,,,,,,,,,,,,,,,,,,,,,,,,,,,,,,,,,,,,,,,,,,,,,,,,,,,,,,,,,,,,,,,,,,,,,,,,,,,,,,,,,,,,,,,,,,,,,,,,,,,,,,,,,,"rolling-origin h=1 (observed history, no future info)",level,,XGBoost Baseline,XGBoost (differenced target + drift bank),nan [4.935-11.542],<0.001 (Negl),<0.001 (Negl),nan [0.287-0.735],<0.001 (Sm),<0.001 (Sm),nan [0.690-1.555],<0.001 (Lg),<0.001 (Lg),source-retained only,1.1006367046385799,0.0,h,True,0.0,3.209509398313314,3.209509398313314,,0,,0.8009555859798715,,source-retained only,3.3317852511975588,False,,False
PatchTST,,0.9280125410691312,2.5011518183195207,0.79347806148295,,3.1405838580987755,,,,,0.931196704154802,108.0,True,0.9965805687762169,True,,,,,,,,,,,,,,,,,,,,,,,,,,,,0.46622213371698984,1.2775104595039963,0.8133871387353164,3.872636796988458,,,,,0.43031110169184283,108.0,True,1.0834536498918028,False,,,,,,,,,,,,,,,,,,,,,,,,,,,,,7.973011181911597,20.324870554219334,0.6290799198621164,2.291882730261116,,,,,7.921461148434798,108.0,True,1.0065076420259897,False,,,,,,,,,,,,,,,,,,,,,,,,,,,,,0.0,0.0,0.0,,,,,,,,,,,,,,,,,,,,,,,,,,,,,,,,,,,,,,,,,,,,,,,,,,,,,,,,,,,,,,,,,,,,,,,,,,,,,,,,,,,,,,,,,,,,,,,,,,,,,,,,,,,,,"rolling-origin h=1 (observed history, no future info)",level,,XGBoost Baseline,XGBoost (differenced target + drift bank),nan [4.917-11.813],<0.001 (Negl),<0.001 (Negl),nan [0.261-0.707],<0.001 (Sm),<0.001 (Sm),nan [0.538-1.435],<0.001 (Lg),<0.001 (Lg),source-retained only,1.0288472868980032,0.3333333333333333,h,True,0.0,3.1224152855659058,3.1224152855659058,,0,,0.7453150400267944,,source-retained only,3.10170112844945,False,,False
SeasonalNaive (24h),,2.4555637058365987,4.187130702900492,2.0995793083899352,,,,,,,0.931196704154802,108.0,True,2.6369978489833508,False,,,,,,,,,,,,,,,,,,,,,,,,,,,,0.9126694627840974,1.931537785995234,1.5922744744583175,,,,,,0.43031110169184283,108.0,True,2.1209526298433365,False,,,,,,,,,,,,,,,,,,,,,,,,,,,,,19.388747346621184,34.41564429151432,1.5297948728218045,,,,,,7.921461148434798,108.0,True,2.4476226018544835,False,,,,,,,,,,,,,,,,,,,,,,,,,,,,,0.0,0.0,0.0,,,,,,,,,,,,,,,,,,,,,,,,,,,,,,,,,,,,,,,,,,,,,,,,,,,,,,,,,,,,,,,,,,,,,,,,,,,,,,,,,,,,,,,,,,,,,,,,,,,,,,,,,,,,,seasonal lag h=24 (observed t-24),level,,XGBoost Baseline,XGBoost (differenced target + drift bank),nan [14.293-25.063],1.000 (Sm),1.000 (Sm),nan [0.614-1.245],1.000 (Negl),1.000 (Negl),nan [1.880-3.156],<0.001 (Lg),<0.001 (Lg),source-retained only,2.4018576935603906,0.0,h,True,0.0,7.585660171747293,7.585660171747293,,0,,1.740549551890019,,source-retained only,,False,,False
Theta Method,,1.0323100245310999,2.449006763283609,0.8826554824040191,,,,,,,0.931196704154802,108.0,True,1.1085842764747251,False,,,,,,,,,,,,,,,,,,,,,,,,,,,,0.5449215982434191,1.2639621359685136,0.9506889261060801,,,,,,0.43031110169184283,108.0,True,1.2663433411338105,False,,,,,,,,,,,,,,,,,,,,,,,,,,,,,9.428335602298235,20.10354071389895,0.743906721036965,,,,,,7.921461148434798,108.0,True,1.1902268313417381,False,,,,,,,,,,,,,,,,,,,,,,,,,,,,,0.0,0.0,0.0,,,,,,,,,,,,,,,,,,,,,,,,,,,,,,,,,,,,,,,,,,,,,,,,,,,,,,,,,,,,,,,,,,,,,,,,,,,,,,,,,,,,,,,,,,,,,,,,,,,,,,,,,,,,,"rolling-origin h=1 (observed history, no future info)",level,,XGBoost Baseline,XGBoost (differenced target + drift bank),nan [6.428-13.091],<0.001 (Negl),<0.001 (Negl),nan [0.346-0.793],0.029 (Negl),0.029 (Negl),nan [0.659-1.498],<0.001 (Lg),<0.001 (Lg),source-retained only,1.1883848163167579,0.0,h,True,0.0,3.668522408357585,3.668522408357585,,0,,0.8590837098490214,,source-retained only,,False,,False
ETS (Holt-Winters),,0.9430275885078847,2.402517722794701,0.8063163693802233,,,,,,,0.931196704154802,108.0,True,1.012705032460162,False,,,,,,,,,,,,,,,,,,,,,,,,,,,,0.5106099553873527,1.2373285351587533,0.8908276561455567,,,,,,0.43031110169184283,108.0,True,1.1866065118464315,False,,,,,,,,,,,,,,,,,,,,,,,,,,,,,9.401580803346487,19.946762002122714,0.7417957360657315,,,,,,7.921461148434798,108.0,True,1.1868493232721524,False,,,,,,,,,,,,,,,,,,,,,,,,,,,,,0.0,0.0,0.0,,,,,,,,,,,,,,,,,,,,,,,,,,,,,,,,,,,,,,,,,,,,,,,,,,,,,,,,,,,,,,,,,,,,,,,,,,,,,,,,,,,,,,,,,,,,,,,,,,,,,,,,,,,,,"rolling-origin h=1 (observed history, no future info)",level,,XGBoost Baseline,XGBoost (differenced target + drift bank),nan [6.547-13.015],<0.001 (Negl),<0.001 (Negl),nan [0.323-0.746],0.002 (Negl),0.002 (Negl),nan [0.574-1.398],<0.001 (Lg),<0.001 (Lg),source-retained only,1.1287202891929153,0.0,h,True,0.0,3.6184061157472414,3.6184061157472414,,0,,0.8129799205305037,,source-retained only,,False,,False
Physics-Guided MLP,,2.2283789644556893,3.598959279278728,1.546655468940905,,,,,,,1.0005492659422446,98.0,True,2.227155663701541,False,,,,,,,,,,,,,,,,,,,,,,,,,,,,1.1140467168543322,1.6492786879144148,1.7133789807837094,,,,,,0.4660052590814921,98.0,True,2.390631211008532,False,,,,,,,,,,,,,,,,,,,,,,,,,,,,,34.069764179293685,37.57999592437061,2.2930582230149725,,,,,,8.365657827930999,98.0,True,4.072574432287036,False,,,,,,,,,,,,,,,,,,,,,,,,,,,,,0.0,0.0,0.0,,,,,,,,,,,,,,,,,,,,,,,,,,,,,,,,,,,,,,,,,,,,,,,,,,,,,,,,,,,,,,,,,,,,,,,,,,,,,,,,,,,,,,,,,,,,,,,,,,,,,,,,,,,,,"rolling-origin h=1 (observed history, no future info)",level,,XGBoost Baseline,XGBoost (differenced target + drift bank),nan [31.012-37.260],1.000 (Lg),1.000 (Lg),nan [0.884-1.375],1.000 (Lg),1.000 (Lg),nan [1.693-2.830],<0.001 (Lg),<0.001 (Lg),source-retained only,2.8967871023323695,0.0,h,True,0.0,12.470729953534567,12.470729953534567,,0,,1.8510308909131956,,source-retained only,,False,,False
Grey-Box XGBoost,,3.3827546496597276,4.494970290360283,2.3478753221220914,,,,,,,1.0005492659422446,98.0,True,3.3808976377331055,False,,,,,,,,,,,,,,,,,,,,,,,,,,,,0.8354791657376798,1.4419029298053068,1.2849483058481337,,,,,,0.4660052590814921,98.0,True,1.7928535128217864,False,,,,,,,,,,,,,,,,,,,,,,,,,,,,,16.917196074609375,26.235401193657122,1.1386082793263366,,,,,,8.365657827930999,98.0,True,2.022219462302984,False,,,,,,,,,,,,,,,,,,,,,,,,,,,,,0.0,0.0,0.0,,,,,,,,,,,,,,,,,,,,,,,,,,,,,,,,,,,,,,,,,,,,,,,,,,,,,,,,,,,,,,,,,,,,,,,,,,,,,,,,,,,,,,,,,,,,,,,,,,,,,,,,,,,,,"rolling-origin h=1 (observed history, no future info)",level,,XGBoost Baseline,XGBoost (differenced target + drift bank),nan [13.244-21.171],1.000 (Sm),1.000 (Sm),nan [0.612-1.084],1.000 (Md),1.000 (Md),nan [2.826-4.037],<0.001 (Lg),<0.001 (Lg),source-retained only,2.3986568709526255,0.0,h,True,0.0,7.045143296668928,7.045143296668928,,0,,1.5904773024321874,,source-retained only,,False,,False
