model_name,temperature_TrainStd,temperature_MAE,temperature_RMSE,temperature_MASE,mase_seasonality,temperature_MASE_1,temperature_N_obs,temperature_N_reconstructed,temperature_N_total,temperature_MAE_obs,temperature_MAE_persist,temperature_N_persist,temperature_persist_metric_observed_only,temperature_RelMAE_persist,temperature_Beats_persist,temperature_N_fault_dqa,temperature_N_fault_obs,temperature_N_fault_reconstructed,temperature_N_fault,temperature_N_healthy,temperature_fault_metric_observed_only,temperature_fault_truth_unique,temperature_fault_truth_degenerate,temperature_MAE_fault,temperature_MAE_healthy,temperature_N_stuck_dqa,temperature_N_stuck_reconstructed,temperature_N_stuck,temperature_MAE_stuck,temperature_N_excursion_dqa,temperature_N_excursion_reconstructed,temperature_N_excursion,temperature_MAE_excursion,temperature_N_drift_dqa,temperature_N_drift_reconstructed,temperature_N_drift,temperature_N_drift_window,temperature_ParityViol,ph_TrainStd,ph_MAE,ph_RMSE,ph_MASE,ph_MASE_1,ph_N_obs,ph_N_reconstructed,ph_N_total,ph_MAE_obs,ph_MAE_persist,ph_N_persist,ph_persist_metric_observed_only,ph_RelMAE_persist,ph_Beats_persist,ph_N_fault_dqa,ph_N_fault_obs,ph_N_fault_reconstructed,ph_N_fault,ph_N_healthy,ph_fault_metric_observed_only,ph_fault_truth_unique,ph_fault_truth_degenerate,ph_MAE_fault,ph_MAE_healthy,ph_N_stuck_dqa,ph_N_stuck_reconstructed,ph_N_stuck,ph_N_stuck_window,ph_N_excursion_dqa,ph_N_excursion_reconstructed,ph_N_excursion,ph_MAE_excursion,ph_N_drift_dqa,ph_N_drift_reconstructed,ph_N_drift,ph_N_drift_window,ph_ParityViol,electric conductivity_TrainStd,electric conductivity_MAE,electric conductivity_RMSE,electric conductivity_MASE,electric conductivity_MASE_1,electric conductivity_N_obs,electric conductivity_N_reconstructed,electric conductivity_N_total,electric conductivity_MAE_obs,electric conductivity_MAE_persist,electric conductivity_N_persist,electric conductivity_persist_metric_observed_only,electric conductivity_RelMAE_persist,electric conductivity_Beats_persist,electric conductivity_N_fault_dqa,electric conductivity_N_fault_obs,electric conductivity_N_fault_reconstructed,electric conductivity_N_fault,electric conductivity_N_healthy,electric conductivity_fault_metric_observed_only,electric conductivity_fault_truth_unique,electric conductivity_fault_truth_degenerate,electric conductivity_MAE_fault,electric conductivity_MAE_healthy,electric conductivity_N_stuck_dqa,electric conductivity_N_stuck_reconstructed,electric conductivity_N_stuck,electric conductivity_N_stuck_window,electric conductivity_N_excursion_dqa,electric conductivity_N_excursion_reconstructed,electric conductivity_N_excursion,electric conductivity_MAE_excursion,electric conductivity_N_drift_dqa,electric conductivity_N_drift_reconstructed,electric conductivity_N_drift,electric conductivity_N_drift_window,electric conductivity_ParityViol,dissolved oxygen_TrainStd,dissolved oxygen_MAE,dissolved oxygen_RMSE,dissolved oxygen_MASE,dissolved oxygen_MASE_1,dissolved oxygen_N_obs,dissolved oxygen_N_reconstructed,dissolved oxygen_N_total,dissolved oxygen_MAE_obs,dissolved oxygen_MAE_persist,dissolved oxygen_N_persist,dissolved oxygen_persist_metric_observed_only,dissolved oxygen_RelMAE_persist,dissolved oxygen_Beats_persist,dissolved oxygen_N_fault_dqa,dissolved oxygen_N_fault_obs,dissolved oxygen_N_fault_reconstructed,dissolved oxygen_N_fault,dissolved oxygen_N_healthy,dissolved oxygen_fault_metric_observed_only,dissolved oxygen_fault_truth_unique,dissolved oxygen_fault_truth_degenerate,dissolved oxygen_MAE_fault,dissolved oxygen_MAE_healthy,dissolved oxygen_N_stuck_dqa,dissolved oxygen_N_stuck_reconstructed,dissolved oxygen_N_stuck,dissolved oxygen_MAE_stuck,dissolved oxygen_N_excursion_dqa,dissolved oxygen_N_excursion_reconstructed,dissolved oxygen_N_excursion,dissolved oxygen_N_excursion_window,dissolved oxygen_N_drift_dqa,dissolved oxygen_N_drift_reconstructed,dissolved oxygen_N_drift,dissolved oxygen_N_drift_window,dissolved oxygen_ParityViol,n_physical_violations,physviol_counted,temperature_PhysViol,ph_PhysViol,electric conductivity_PhysViol,dissolved oxygen_PhysViol,n_physical_violations_post_guard,n_clipped_by_guard,_val_MAE_for_selection_all,_val_MAE_full,_val_MAE_full_obs,_val_N_obs_for_selection,_val_ratio_temperature,_val_ratio_ph,_val_ratio_electric conductivity,_val_ratio_dissolved oxygen,_val_MAE_for_selection,_val_selection_metric,_val_MAE_for_selection_raw_units,_val_selection_scope,conformal_alpha,temperature_ConfBound,temperature_ConfNCal,ph_ConfBound,ph_ConfNCal,electric conductivity_ConfBound,electric conductivity_ConfNCal,dissolved oxygen_ConfBound,dissolved oxygen_ConfNCal,bound_family,temperature_ConfAttainable,temperature_ConfNRequired,ph_ConfAttainable,ph_ConfNRequired,electric conductivity_ConfAttainable,electric conductivity_ConfNRequired,dissolved oxygen_ConfAttainable,dissolved oxygen_ConfNRequired,conformal_all_attainable,gate_threshold,gate_n_corrected,gate_n_declined,anchor_supervision,corrector_supervision,r19_safety_veto_enabled,r19_safety_n_passed,r19_safety_n_vetoed,temperature_SafetyPass,temperature_SafetyValNDegraded,temperature_SafetyValRescue,temperature_SafetyValNomPenaltyRel,temperature_SafetyValMAEMult,temperature_SafetyReason,temperature_DynamicSelectorFitted,temperature_DynamicSelectorTrainN,temperature_DynamicSelectorTrainPos,temperature_DynamicSelectorTrainNeg,temperature_DynamicGateThreshold,temperature_DynamicSelectorReason,ph_SafetyPass,ph_SafetyValNDegraded,ph_SafetyValRescue,ph_SafetyValNomPenaltyRel,ph_SafetyValMAEMult,ph_SafetyReason,ph_DynamicSelectorFitted,ph_DynamicSelectorTrainN,ph_DynamicSelectorTrainPos,ph_DynamicSelectorTrainNeg,ph_DynamicGateThreshold,ph_DynamicSelectorReason,electric conductivity_SafetyPass,electric conductivity_SafetyValNDegraded,electric conductivity_SafetyValRescue,electric conductivity_SafetyValNomPenaltyRel,electric conductivity_SafetyValMAEMult,electric conductivity_SafetyReason,electric conductivity_DynamicSelectorFitted,electric conductivity_DynamicSelectorTrainN,electric conductivity_DynamicSelectorTrainPos,electric conductivity_DynamicSelectorTrainNeg,electric conductivity_DynamicGateThreshold,electric conductivity_DynamicSelectorReason,dissolved oxygen_SafetyPass,dissolved oxygen_SafetyValNDegraded,dissolved oxygen_SafetyValRescue,dissolved oxygen_SafetyValNomPenaltyRel,dissolved oxygen_SafetyValMAEMult,dissolved oxygen_SafetyReason,dissolved oxygen_DynamicSelectorFitted,dissolved oxygen_DynamicSelectorTrainN,dissolved oxygen_DynamicSelectorTrainPos,dissolved oxygen_DynamicSelectorTrainNeg,dissolved oxygen_DynamicGateThreshold,dissolved oxygen_DynamicSelectorReason,dynamic_selector_enabled,uses_drift_bank,n_drift_bank_cols,parity_tol,pred_differs_from_anchor,max_abs_applied_correction,temperature_MaxAbsCorrection,temperature_CorrectionInert,ph_MaxAbsCorrection,ph_CorrectionInert,electric conductivity_MaxAbsCorrection,electric conductivity_CorrectionInert,dissolved oxygen_MaxAbsCorrection,dissolved oxygen_CorrectionInert,n_gated_on_but_inert,assembly_max_err,temperature_MaxAbsResidual,ph_MaxAbsResidual,electric conductivity_MaxAbsResidual,dissolved oxygen_MaxAbsResidual,n_corrections_lost,row_invalid,row_invalid_reason,temperature_Gate,temperature_GateApplied,ph_Gate,ph_GateApplied,electric conductivity_Gate,electric conductivity_GateApplied,dissolved oxygen_Gate,dissolved oxygen_GateApplied,realised_bind_rate,temperature_BindRate,ph_BindRate,electric conductivity_BindRate,dissolved oxygen_BindRate,physviol_local_crosscheck,clip_k,clip_hit_rate,temperature_ClipHit,ph_ClipHit,electric conductivity_ClipHit,dissolved oxygen_ClipHit,eval_protocol,target_mode,n_features,end_to_end_statistical_comparator,corrector_attribution_anchor,dissolved oxygen_MAE_obs_CI,dissolved oxygen_Stats_obs,dissolved oxygen_Stats,electric conductivity_MAE_obs_CI,electric conductivity_Stats_obs,electric conductivity_Stats,ph_MAE_obs_CI,ph_Stats_obs,ph_Stats,temperature_MAE_obs_CI,temperature_Stats_obs,temperature_Stats,statistical_scope,Mean_RelMAE_persist,Beats_persist_frac,cadence,cadence_valid,cadence_interp_frac,Macro_MAE,Macro_MAE_ex_degen,Macro_MAE_obs,N_targets_MAE_obs,Macro_MAE_obs_ex_degen,Mean_MASE,Primary_Macro_MAE,Primary_MAE_scope,Mean_MASE_1,Beats_naive_h1,Frac_targets_corrected,Anchor_passthrough
M2P-PTAC (C=0.0001),2.6248751850933956,1.0439617628396913,1.3388183591938023,0.6609178499234178,7.0,1.1749629807701039,111.0,0.0,111.0,1.0439617628396913,0.6120130896322442,111.0,True,1.7057833901346833,False,47.0,47.0,0.0,47.0,64.0,True,15.0,False,1.1458546786812833,0.9691341527685222,29.0,0.0,29.0,0.966343343968607,18.0,0.0,18.0,1.4350673846072624,0.0,0.0,0.0,0.0,0.0,0.3045181447751066,0.1846459209486356,0.25572645027265717,0.9822281896254526,1.7491252324958424,111.0,0.0,111.0,0.1846459209486356,0.183395737921935,111.0,True,1.0068168597638445,False,84.0,84.0,0.0,84.0,27.0,True,74.0,False,0.19402496881388093,0.15546666092342798,0.0,0.0,0.0,0.0,84.0,0.0,84.0,0.19402496881388093,0.0,0.0,0.0,0.0,0.0,105.73210207318756,23.944476677826398,41.65727121272088,0.392748203042731,0.8132053534219432,111.0,0.0,111.0,23.944476677826398,21.71171171171171,111.0,True,1.1028368926301786,False,46.0,46.0,0.0,46.0,65.0,True,41.0,False,25.351755941853575,22.94855596789947,0.0,0.0,0.0,0.0,46.0,0.0,46.0,25.351755941853575,0.0,0.0,0.0,0.0,0.0,1.451613878074365,0.7349051836201115,1.0753773111460383,0.8248331507635595,1.3891220963233428,111.0,0.0,111.0,0.7349051836201115,0.6748064675734335,111.0,True,1.0890606698877525,False,17.0,17.0,0.0,17.0,94.0,True,1.0,True,0.1701091971621446,0.8370491386178288,17.0,0.0,17.0,0.1701091971621446,0.0,0.0,0.0,0.0,0.0,0.0,0.0,0.0,0.0,0.0,True,0.0,0.0,0.0,0.0,0.0,0.0,14.140714053105702,12.212015514010787,12.212015514010787,136.0,1.0,1.0,1.0,1.0,1.0,equal_target_MAE_ratio_to_matched_differenced_XGBoost_anchor,14.140714053105702,source-retained disjoint C-selection block,0.1,0.0,44.0,0.0,44.0,2.116248607635498,44.0,0.17812319099903107,44.0,conformal,True,9.0,True,9.0,True,9.0,True,9.0,True,,0.0,4.0,observed_or_degraded,anchor_residual,True,0.0,4.0,False,6.0,0.0,0.0,1.0,underpowered degraded validation (6<8); only 1 independent degradation episode(s) < 2; rescue lower bound not positive (-inf),True,490.0,190.0,300.0,1.000001,train-only state-aware logistic selector,False,26.0,0.0,0.0,1.0,underpowered nominal validation (7<8); rescue lower bound not positive (0.0),True,490.0,394.0,96.0,1.000001,train-only state-aware logistic selector,False,22.0,0.05045496310210888,0.013160988013049536,1.0136474105576763,rescue lower bound not positive (-1.2074767506320079),True,490.0,388.0,102.0,0.2269,train-only state-aware logistic selector,False,0.0,,0.0007592078412220829,1.0008052204376598,underpowered degraded validation (0<8); only 0 independent degradation episode(s) < 2; rescue lower bound not positive (nan),True,490.0,202.0,288.0,0.9717,train-only state-aware logistic selector,True,True,52.0,1e-12,False,0.0,0.0,False,0.0,False,0.0,False,0.0,False,0.0,0.0,0.0,0.0,0.0,0.0,0.0,False,,,True,,True,,True,,True,0.006756756756756757,0.0,0.0,0.02702702702702703,0.0,0.0,,0.006756756756756757,0.0,0.0,0.02702702702702703,0.0,"rolling-origin h=1 (observed history, no future info)",delta,,XGBoost Baseline,XGBoost (differenced target + drift bank),0.735 [0.602-0.895],<0.001 (Lg),<0.001 (Lg),23.944 [17.655-30.623],<0.001 (Lg),<0.001 (Lg),0.185 [0.155-0.218],<0.001 (Md),<0.001 (Md),1.044 [0.902-1.217],<0.001 (Sm),<0.001 (Sm),source-retained only,1.2261244531041147,0.0,D,True,0.0,6.4769973863087085,6.4769973863087085,6.4769973863087085,4,6.4769973863087085,0.7151818483387902,6.4769973863087085,source-retained only,1.281603915752808,False,0.0,True
M2P-Ablation (Unified Enc.),2.6248751850933956,1.0439617628396913,1.3388183591938023,0.6609178499234178,7.0,1.1749629807701039,111.0,0.0,111.0,1.0439617628396913,0.6120130896322442,111.0,True,1.7057833901346833,False,47.0,47.0,0.0,47.0,64.0,True,15.0,False,1.1458546786812833,0.9691341527685222,29.0,0.0,29.0,0.966343343968607,18.0,0.0,18.0,1.4350673846072624,0.0,0.0,0.0,0.0,0.0,0.3045181447751066,0.1846459209486356,0.25572645027265717,0.9822281896254526,1.7491252324958424,111.0,0.0,111.0,0.1846459209486356,0.183395737921935,111.0,True,1.0068168597638445,False,84.0,84.0,0.0,84.0,27.0,True,74.0,False,0.19402496881388093,0.15546666092342798,0.0,0.0,0.0,0.0,84.0,0.0,84.0,0.19402496881388093,0.0,0.0,0.0,0.0,0.0,105.73210207318756,23.944476677826398,41.65727121272088,0.392748203042731,0.8132053534219432,111.0,0.0,111.0,23.944476677826398,21.71171171171171,111.0,True,1.1028368926301786,False,46.0,46.0,0.0,46.0,65.0,True,41.0,False,25.351755941853575,22.94855596789947,0.0,0.0,0.0,0.0,46.0,0.0,46.0,25.351755941853575,0.0,0.0,0.0,0.0,0.0,1.451613878074365,0.7349051836201115,1.0753773111460383,0.8248331507635595,1.3891220963233428,111.0,0.0,111.0,0.7349051836201115,0.6748064675734335,111.0,True,1.0890606698877525,False,17.0,17.0,0.0,17.0,94.0,True,1.0,True,0.1701091971621446,0.8370491386178288,17.0,0.0,17.0,0.1701091971621446,0.0,0.0,0.0,0.0,0.0,0.0,0.0,0.0,0.0,0.0,True,0.0,0.0,0.0,0.0,0.0,0.0,14.140714053105702,12.212015514010787,12.212015514010787,136.0,1.0,1.0,1.0,1.0,1.0,equal_target_MAE_ratio_to_matched_differenced_XGBoost_anchor,14.140714053105702,source-retained disjoint C-selection block,0.1,0.0,44.0,0.0,44.0,3.5695502758026123,44.0,0.14497323334217072,44.0,conformal,True,9.0,True,9.0,True,9.0,True,9.0,True,,0.0,4.0,observed_or_degraded,anchor_residual,True,0.0,4.0,False,6.0,0.0,0.0,1.0,underpowered degraded validation (6<8); only 1 independent degradation episode(s) < 2; rescue lower bound not positive (-inf),True,490.0,190.0,300.0,1.000001,train-only state-aware logistic selector,False,26.0,0.0,0.0,1.0,underpowered nominal validation (7<8); rescue lower bound not positive (0.0),True,490.0,394.0,96.0,1.000001,train-only state-aware logistic selector,False,22.0,0.0,0.0,1.0,rescue lower bound not positive (0.0),True,490.0,388.0,102.0,0.9061,train-only state-aware logistic selector,False,0.0,,0.0,1.0,underpowered degraded validation (0<8); only 0 independent degradation episode(s) < 2; rescue lower bound not positive (nan),True,490.0,202.0,288.0,0.8716,train-only state-aware logistic selector,True,True,52.0,1e-12,False,0.0,0.0,False,0.0,False,0.0,False,0.0,False,0.0,0.0,0.0,0.0,0.0,0.0,0.0,False,,,True,,True,,True,,True,0.0,0.0,0.0,0.0,0.0,0.0,,0.0,0.0,0.0,0.0,0.0,"rolling-origin h=1 (observed history, no future info)",delta,,XGBoost Baseline,XGBoost (differenced target + drift bank),0.735 [0.589-0.883],<0.001 (Lg),<0.001 (Lg),23.944 [18.098-30.444],<0.001 (Lg),<0.001 (Lg),0.185 [0.153-0.218],<0.001 (Md),<0.001 (Md),1.044 [0.900-1.213],<0.001 (Sm),<0.001 (Sm),source-retained only,1.2261244531041147,0.0,D,True,0.0,6.4769973863087085,6.4769973863087085,6.4769973863087085,4,6.4769973863087085,0.7151818483387902,6.4769973863087085,source-retained only,1.281603915752808,False,0.0,True
M2P-Ablation (No Attention),2.6248751850933956,1.0439617628396913,1.3388183591938023,0.6609178499234178,7.0,1.1749629807701039,111.0,0.0,111.0,1.0439617628396913,0.6120130896322442,111.0,True,1.7057833901346833,False,47.0,47.0,0.0,47.0,64.0,True,15.0,False,1.1458546786812833,0.9691341527685222,29.0,0.0,29.0,0.966343343968607,18.0,0.0,18.0,1.4350673846072624,0.0,0.0,0.0,0.0,0.0,0.3045181447751066,0.1846459209486356,0.25572645027265717,0.9822281896254526,1.7491252324958424,111.0,0.0,111.0,0.1846459209486356,0.183395737921935,111.0,True,1.0068168597638445,False,84.0,84.0,0.0,84.0,27.0,True,74.0,False,0.19402496881388093,0.15546666092342798,0.0,0.0,0.0,0.0,84.0,0.0,84.0,0.19402496881388093,0.0,0.0,0.0,0.0,0.0,105.73210207318756,23.944476677826398,41.65727121272088,0.392748203042731,0.8132053534219432,111.0,0.0,111.0,23.944476677826398,21.71171171171171,111.0,True,1.1028368926301786,False,46.0,46.0,0.0,46.0,65.0,True,41.0,False,25.351755941853575,22.94855596789947,0.0,0.0,0.0,0.0,46.0,0.0,46.0,25.351755941853575,0.0,0.0,0.0,0.0,0.0,1.451613878074365,0.7349051836201115,1.0753773111460383,0.8248331507635595,1.3891220963233428,111.0,0.0,111.0,0.7349051836201115,0.6748064675734335,111.0,True,1.0890606698877525,False,17.0,17.0,0.0,17.0,94.0,True,1.0,True,0.1701091971621446,0.8370491386178288,17.0,0.0,17.0,0.1701091971621446,0.0,0.0,0.0,0.0,0.0,0.0,0.0,0.0,0.0,0.0,True,0.0,0.0,0.0,0.0,0.0,0.0,14.140714053105702,12.212015514010787,12.212015514010787,136.0,1.0,1.0,1.0,1.0,1.0,equal_target_MAE_ratio_to_matched_differenced_XGBoost_anchor,14.140714053105702,source-retained disjoint C-selection block,0.1,0.0,44.0,0.02702174335718155,44.0,4.614411354064941,44.0,0.46763575077056885,44.0,conformal,True,9.0,True,9.0,True,9.0,True,9.0,True,,0.0,4.0,observed_or_degraded,anchor_residual,True,0.0,4.0,False,6.0,0.0,0.0,1.0,underpowered degraded validation (6<8); only 1 independent degradation episode(s) < 2; rescue lower bound not positive (-inf),True,490.0,190.0,300.0,1.000001,train-only state-aware logistic selector,False,26.0,0.0,0.0,1.0,underpowered nominal validation (7<8); rescue lower bound not positive (0.0),True,490.0,394.0,96.0,1.000001,train-only state-aware logistic selector,False,22.0,0.2487671830587917,0.0030974215906084536,1.0200386959261327,rescue lower bound not positive (-3.1818429398316854); nominal-harm UCB 0.05770756754024086 > 0.050,True,490.0,388.0,102.0,0.0133,train-only state-aware logistic selector,False,0.0,,0.0,1.0,underpowered degraded validation (0<8); only 0 independent degradation episode(s) < 2; rescue lower bound not positive (nan),True,490.0,202.0,288.0,0.5763,train-only state-aware logistic selector,True,True,52.0,1e-12,False,0.0,0.0,False,0.0,False,0.0,False,0.0,False,0.0,0.0,0.0,0.0,0.0,0.0,0.0,False,,,True,,True,,True,,True,0.006756756756756757,0.0,0.0,0.02702702702702703,0.0,0.0,,0.006756756756756757,0.0,0.0,0.02702702702702703,0.0,"rolling-origin h=1 (observed history, no future info)",delta,,XGBoost Baseline,XGBoost (differenced target + drift bank),0.735 [0.590-0.885],<0.001 (Lg),<0.001 (Lg),23.944 [17.837-30.215],<0.001 (Lg),<0.001 (Lg),0.185 [0.152-0.217],<0.001 (Md),<0.001 (Md),1.044 [0.900-1.218],<0.001 (Sm),<0.001 (Sm),source-retained only,1.2261244531041147,0.0,D,True,0.0,6.4769973863087085,6.4769973863087085,6.4769973863087085,4,6.4769973863087085,0.7151818483387902,6.4769973863087085,source-retained only,1.281603915752808,False,0.0,True
M2P-Ablation (No CNN),2.6248751850933956,1.0439617628396913,1.3388183591938023,0.6609178499234178,7.0,1.1749629807701039,111.0,0.0,111.0,1.0439617628396913,0.6120130896322442,111.0,True,1.7057833901346833,False,47.0,47.0,0.0,47.0,64.0,True,15.0,False,1.1458546786812833,0.9691341527685222,29.0,0.0,29.0,0.966343343968607,18.0,0.0,18.0,1.4350673846072624,0.0,0.0,0.0,0.0,0.0,0.3045181447751066,0.1846459209486356,0.25572645027265717,0.9822281896254526,1.7491252324958424,111.0,0.0,111.0,0.1846459209486356,0.183395737921935,111.0,True,1.0068168597638445,False,84.0,84.0,0.0,84.0,27.0,True,74.0,False,0.19402496881388093,0.15546666092342798,0.0,0.0,0.0,0.0,84.0,0.0,84.0,0.19402496881388093,0.0,0.0,0.0,0.0,0.0,105.73210207318756,23.944476677826398,41.65727121272088,0.392748203042731,0.8132053534219432,111.0,0.0,111.0,23.944476677826398,21.71171171171171,111.0,True,1.1028368926301786,False,46.0,46.0,0.0,46.0,65.0,True,41.0,False,25.351755941853575,22.94855596789947,0.0,0.0,0.0,0.0,46.0,0.0,46.0,25.351755941853575,0.0,0.0,0.0,0.0,0.0,1.451613878074365,0.7349051836201115,1.0753773111460383,0.8248331507635595,1.3891220963233428,111.0,0.0,111.0,0.7349051836201115,0.6748064675734335,111.0,True,1.0890606698877525,False,17.0,17.0,0.0,17.0,94.0,True,1.0,True,0.1701091971621446,0.8370491386178288,17.0,0.0,17.0,0.1701091971621446,0.0,0.0,0.0,0.0,0.0,0.0,0.0,0.0,0.0,0.0,True,0.0,0.0,0.0,0.0,0.0,0.0,14.140714053105702,12.212015514010787,12.212015514010787,136.0,1.0,1.0,1.0,1.0,1.0,equal_target_MAE_ratio_to_matched_differenced_XGBoost_anchor,14.140714053105702,source-retained disjoint C-selection block,0.1,0.0,44.0,0.0,44.0,6.91005802154541,44.0,0.34830790758132935,44.0,conformal,True,9.0,True,9.0,True,9.0,True,9.0,True,,0.0,4.0,observed_or_degraded,anchor_residual,True,0.0,4.0,False,6.0,0.0,0.0,1.0,underpowered degraded validation (6<8); only 1 independent degradation episode(s) < 2; rescue lower bound not positive (-inf),True,490.0,190.0,300.0,1.000001,train-only state-aware logistic selector,False,26.0,0.0,0.0,1.0,underpowered nominal validation (7<8); rescue lower bound not positive (0.0),True,490.0,394.0,96.0,1.000001,train-only state-aware logistic selector,False,22.0,-0.5652908749050563,0.08196465188510618,1.097029130549591,rescue lower bound not positive (-6.502837880751674); nominal-harm UCB 0.2173277937096681 > 0.050; MAE-multiplier UCB 1.1631340248398323 > 1.100,True,490.0,388.0,102.0,0.101,train-only state-aware logistic selector,False,0.0,,0.04085182966764153,1.035153131159947,underpowered degraded validation (0<8); only 0 independent degradation episode(s) < 2; rescue lower bound not positive (nan); nominal-harm UCB 0.101124957690814 > 0.050; MAE-multiplier UCB 1.101124957690814 > 1.100,True,490.0,202.0,288.0,0.4074,train-only state-aware logistic selector,True,True,52.0,1e-12,False,0.0,0.0,False,0.0,False,0.0,False,0.0,False,0.0,0.0,0.0,0.0,0.0,0.0,0.0,False,,,True,,True,,True,,True,0.015765765765765764,0.0,0.0,0.05405405405405406,0.009009009009009009,0.0,,0.015765765765765764,0.0,0.0,0.05405405405405406,0.009009009009009009,"rolling-origin h=1 (observed history, no future info)",delta,,XGBoost Baseline,XGBoost (differenced target + drift bank),0.735 [0.598-0.886],<0.001 (Lg),<0.001 (Lg),23.944 [17.754-30.428],<0.001 (Lg),<0.001 (Lg),0.185 [0.153-0.220],<0.001 (Md),<0.001 (Md),1.044 [0.891-1.208],<0.001 (Sm),<0.001 (Sm),source-retained only,1.2261244531041147,0.0,D,True,0.0,6.4769973863087085,6.4769973863087085,6.4769973863087085,4,6.4769973863087085,0.7151818483387902,6.4769973863087085,source-retained only,1.281603915752808,False,0.0,True
M2P-PTAC (clip k=0.5),2.6248751850933956,1.0439617628396913,1.3388183591938023,0.6609178499234178,7.0,1.1749629807701039,111.0,0.0,111.0,1.0439617628396913,0.6120130896322442,111.0,True,1.7057833901346833,False,47.0,47.0,0.0,47.0,64.0,True,15.0,False,1.1458546786812833,0.9691341527685222,29.0,0.0,29.0,0.966343343968607,18.0,0.0,18.0,1.4350673846072624,0.0,0.0,0.0,0.0,0.0,0.3045181447751066,0.1846459209486356,0.25572645027265717,0.9822281896254526,1.7491252324958424,111.0,0.0,111.0,0.1846459209486356,0.183395737921935,111.0,True,1.0068168597638445,False,84.0,84.0,0.0,84.0,27.0,True,74.0,False,0.19402496881388093,0.15546666092342798,0.0,0.0,0.0,0.0,84.0,0.0,84.0,0.19402496881388093,0.0,0.0,0.0,0.0,0.0,105.73210207318756,23.944476677826398,41.65727121272088,0.392748203042731,0.8132053534219432,111.0,0.0,111.0,23.944476677826398,21.71171171171171,111.0,True,1.1028368926301786,False,46.0,46.0,0.0,46.0,65.0,True,41.0,False,25.351755941853575,22.94855596789947,0.0,0.0,0.0,0.0,46.0,0.0,46.0,25.351755941853575,0.0,0.0,0.0,0.0,0.0,1.451613878074365,0.7349051836201115,1.0753773111460383,0.8248331507635595,1.3891220963233428,111.0,0.0,111.0,0.7349051836201115,0.6748064675734335,111.0,True,1.0890606698877525,False,17.0,17.0,0.0,17.0,94.0,True,1.0,True,0.1701091971621446,0.8370491386178288,17.0,0.0,17.0,0.1701091971621446,0.0,0.0,0.0,0.0,0.0,0.0,0.0,0.0,0.0,0.0,True,0.0,0.0,0.0,0.0,0.0,0.0,14.140714053105702,12.212015514010787,12.212015514010787,136.0,1.0,1.0,1.0,1.0,1.0,equal_target_MAE_ratio_to_matched_differenced_XGBoost_anchor,14.140714053105702,source-retained disjoint C-selection block,,,,,,,,,,k_sigma,,,,,,,,,True,,0.0,4.0,observed_or_degraded,anchor_residual,True,0.0,4.0,False,6.0,0.0,0.0,1.0,underpowered degraded validation (6<8); only 1 independent degradation episode(s) < 2; rescue lower bound not positive (-inf),True,490.0,190.0,300.0,1.000001,train-only state-aware logistic selector,False,26.0,0.0,0.0,1.0,underpowered nominal validation (7<8); rescue lower bound not positive (0.0),True,490.0,394.0,96.0,1.000001,train-only state-aware logistic selector,False,22.0,-0.03933878550702888,0.0022112184063636476,1.0037422831047658,rescue lower bound not positive (-0.2965669978252593),True,490.0,388.0,102.0,0.64,train-only state-aware logistic selector,False,0.0,,0.0,1.0,underpowered degraded validation (0<8); only 0 independent degradation episode(s) < 2; rescue lower bound not positive (nan),True,490.0,202.0,288.0,0.1409,train-only state-aware logistic selector,True,True,52.0,1e-12,False,0.0,0.0,False,0.0,False,0.0,False,0.0,False,0.0,0.0,0.0,0.0,0.0,0.0,0.0,False,,,True,,True,,True,,True,0.23198198198198197,0.0,0.0,0.8738738738738738,0.05405405405405406,0.0,0.5,0.23198198198198197,0.0,0.0,0.8738738738738738,0.05405405405405406,"rolling-origin h=1 (observed history, no future info)",delta,,XGBoost Baseline,XGBoost (differenced target + drift bank),0.735 [0.597-0.887],<0.001 (Lg),<0.001 (Lg),23.944 [17.826-30.475],<0.001 (Lg),<0.001 (Lg),0.185 [0.152-0.219],<0.001 (Md),<0.001 (Md),1.044 [0.894-1.209],<0.001 (Sm),<0.001 (Sm),source-retained only,1.2261244531041147,0.0,D,True,0.0,6.4769973863087085,6.4769973863087085,6.4769973863087085,4,6.4769973863087085,0.7151818483387902,6.4769973863087085,source-retained only,1.281603915752808,False,0.0,True
M2P-PTAC (clip k=0.75),2.6248751850933956,1.0439617628396913,1.3388183591938023,0.6609178499234178,7.0,1.1749629807701039,111.0,0.0,111.0,1.0439617628396913,0.6120130896322442,111.0,True,1.7057833901346833,False,47.0,47.0,0.0,47.0,64.0,True,15.0,False,1.1458546786812833,0.9691341527685222,29.0,0.0,29.0,0.966343343968607,18.0,0.0,18.0,1.4350673846072624,0.0,0.0,0.0,0.0,0.0,0.3045181447751066,0.1846459209486356,0.25572645027265717,0.9822281896254526,1.7491252324958424,111.0,0.0,111.0,0.1846459209486356,0.183395737921935,111.0,True,1.0068168597638445,False,84.0,84.0,0.0,84.0,27.0,True,74.0,False,0.19402496881388093,0.15546666092342798,0.0,0.0,0.0,0.0,84.0,0.0,84.0,0.19402496881388093,0.0,0.0,0.0,0.0,0.0,105.73210207318756,23.944476677826398,41.65727121272088,0.392748203042731,0.8132053534219432,111.0,0.0,111.0,23.944476677826398,21.71171171171171,111.0,True,1.1028368926301786,False,46.0,46.0,0.0,46.0,65.0,True,41.0,False,25.351755941853575,22.94855596789947,0.0,0.0,0.0,0.0,46.0,0.0,46.0,25.351755941853575,0.0,0.0,0.0,0.0,0.0,1.451613878074365,0.7349051836201115,1.0753773111460383,0.8248331507635595,1.3891220963233428,111.0,0.0,111.0,0.7349051836201115,0.6748064675734335,111.0,True,1.0890606698877525,False,17.0,17.0,0.0,17.0,94.0,True,1.0,True,0.1701091971621446,0.8370491386178288,17.0,0.0,17.0,0.1701091971621446,0.0,0.0,0.0,0.0,0.0,0.0,0.0,0.0,0.0,0.0,True,0.0,0.0,0.0,0.0,0.0,0.0,14.140714053105702,12.212015514010787,12.212015514010787,136.0,1.0,1.0,1.0,1.0,1.0,equal_target_MAE_ratio_to_matched_differenced_XGBoost_anchor,14.140714053105702,source-retained disjoint C-selection block,,,,,,,,,,k_sigma,,,,,,,,,True,,0.0,4.0,observed_or_degraded,anchor_residual,True,0.0,4.0,False,6.0,0.0,0.0,1.0,underpowered degraded validation (6<8); only 1 independent degradation episode(s) < 2; rescue lower bound not positive (-inf),True,490.0,190.0,300.0,1.000001,train-only state-aware logistic selector,False,26.0,0.0,0.0,1.0,underpowered nominal validation (7<8); rescue lower bound not positive (0.0),True,490.0,394.0,96.0,1.000001,train-only state-aware logistic selector,False,22.0,-0.16899374069024964,0.011980176412941362,1.0164328181943143,rescue lower bound not positive (-1.1218855360204474),True,490.0,388.0,102.0,0.403,train-only state-aware logistic selector,False,0.0,,0.0,1.0,underpowered degraded validation (0<8); only 0 independent degradation episode(s) < 2; rescue lower bound not positive (nan),True,490.0,202.0,288.0,0.434,train-only state-aware logistic selector,True,True,52.0,1e-12,False,0.0,0.0,False,0.0,False,0.0,False,0.0,False,0.0,0.0,0.0,0.0,0.0,0.0,0.0,False,,,True,,True,,True,,True,0.22747747747747749,0.0,0.0,0.7657657657657657,0.14414414414414414,0.0,0.75,0.22747747747747749,0.0,0.0,0.7657657657657657,0.14414414414414414,"rolling-origin h=1 (observed history, no future info)",delta,,XGBoost Baseline,XGBoost (differenced target + drift bank),0.735 [0.595-0.887],<0.001 (Lg),<0.001 (Lg),23.944 [18.246-30.889],<0.001 (Lg),<0.001 (Lg),0.185 [0.151-0.220],<0.001 (Md),<0.001 (Md),1.044 [0.901-1.203],<0.001 (Sm),<0.001 (Sm),source-retained only,1.2261244531041147,0.0,D,True,0.0,6.4769973863087085,6.4769973863087085,6.4769973863087085,4,6.4769973863087085,0.7151818483387902,6.4769973863087085,source-retained only,1.281603915752808,False,0.0,True
M2P-PTAC (clip k=1.0),2.6248751850933956,1.0439617628396913,1.3388183591938023,0.6609178499234178,7.0,1.1749629807701039,111.0,0.0,111.0,1.0439617628396913,0.6120130896322442,111.0,True,1.7057833901346833,False,47.0,47.0,0.0,47.0,64.0,True,15.0,False,1.1458546786812833,0.9691341527685222,29.0,0.0,29.0,0.966343343968607,18.0,0.0,18.0,1.4350673846072624,0.0,0.0,0.0,0.0,0.0,0.3045181447751066,0.1846459209486356,0.25572645027265717,0.9822281896254526,1.7491252324958424,111.0,0.0,111.0,0.1846459209486356,0.183395737921935,111.0,True,1.0068168597638445,False,84.0,84.0,0.0,84.0,27.0,True,74.0,False,0.19402496881388093,0.15546666092342798,0.0,0.0,0.0,0.0,84.0,0.0,84.0,0.19402496881388093,0.0,0.0,0.0,0.0,0.0,105.73210207318756,23.944476677826398,41.65727121272088,0.392748203042731,0.8132053534219432,111.0,0.0,111.0,23.944476677826398,21.71171171171171,111.0,True,1.1028368926301786,False,46.0,46.0,0.0,46.0,65.0,True,41.0,False,25.351755941853575,22.94855596789947,0.0,0.0,0.0,0.0,46.0,0.0,46.0,25.351755941853575,0.0,0.0,0.0,0.0,0.0,1.451613878074365,0.7349051836201115,1.0753773111460383,0.8248331507635595,1.3891220963233428,111.0,0.0,111.0,0.7349051836201115,0.6748064675734335,111.0,True,1.0890606698877525,False,17.0,17.0,0.0,17.0,94.0,True,1.0,True,0.1701091971621446,0.8370491386178288,17.0,0.0,17.0,0.1701091971621446,0.0,0.0,0.0,0.0,0.0,0.0,0.0,0.0,0.0,0.0,True,0.0,0.0,0.0,0.0,0.0,0.0,14.140714053105702,12.212015514010787,12.212015514010787,136.0,1.0,1.0,1.0,1.0,1.0,equal_target_MAE_ratio_to_matched_differenced_XGBoost_anchor,14.140714053105702,source-retained disjoint C-selection block,,,,,,,,,,k_sigma,,,,,,,,,True,,0.0,4.0,observed_or_degraded,anchor_residual,True,0.0,4.0,False,6.0,0.0,0.0,1.0,underpowered degraded validation (6<8); only 1 independent degradation episode(s) < 2; rescue lower bound not positive (-inf),True,490.0,190.0,300.0,1.000001,train-only state-aware logistic selector,False,26.0,0.0,0.0,1.0,underpowered nominal validation (7<8); rescue lower bound not positive (0.0),True,490.0,394.0,96.0,1.000001,train-only state-aware logistic selector,False,22.0,0.038393496280396754,0.0069874004543902446,1.0031130260543317,rescue lower bound not positive (-0.051960354000088894),True,490.0,388.0,102.0,0.8312,train-only state-aware logistic selector,False,0.0,,0.0,1.0,underpowered degraded validation (0<8); only 0 independent degradation episode(s) < 2; rescue lower bound not positive (nan),True,490.0,202.0,288.0,0.7729,train-only state-aware logistic selector,True,True,52.0,1e-12,False,0.0,0.0,False,0.0,False,0.0,False,0.0,False,0.0,0.0,0.0,0.0,0.0,0.0,0.0,False,,,True,,True,,True,,True,0.02927927927927928,0.0,0.0,0.11711711711711711,0.0,0.0,1.0,0.02927927927927928,0.0,0.0,0.11711711711711711,0.0,"rolling-origin h=1 (observed history, no future info)",delta,,XGBoost Baseline,XGBoost (differenced target + drift bank),0.735 [0.589-0.886],<0.001 (Lg),<0.001 (Lg),23.944 [17.941-30.586],<0.001 (Lg),<0.001 (Lg),0.185 [0.153-0.218],<0.001 (Md),<0.001 (Md),1.044 [0.898-1.212],<0.001 (Sm),<0.001 (Sm),source-retained only,1.2261244531041147,0.0,D,True,0.0,6.4769973863087085,6.4769973863087085,6.4769973863087085,4,6.4769973863087085,0.7151818483387902,6.4769973863087085,source-retained only,1.281603915752808,False,0.0,True
M2P-PTAC (clip k=2.0),2.6248751850933956,1.0439617628396913,1.3388183591938023,0.6609178499234178,7.0,1.1749629807701039,111.0,0.0,111.0,1.0439617628396913,0.6120130896322442,111.0,True,1.7057833901346833,False,47.0,47.0,0.0,47.0,64.0,True,15.0,False,1.1458546786812833,0.9691341527685222,29.0,0.0,29.0,0.966343343968607,18.0,0.0,18.0,1.4350673846072624,0.0,0.0,0.0,0.0,0.0,0.3045181447751066,0.1846459209486356,0.25572645027265717,0.9822281896254526,1.7491252324958424,111.0,0.0,111.0,0.1846459209486356,0.183395737921935,111.0,True,1.0068168597638445,False,84.0,84.0,0.0,84.0,27.0,True,74.0,False,0.19402496881388093,0.15546666092342798,0.0,0.0,0.0,0.0,84.0,0.0,84.0,0.19402496881388093,0.0,0.0,0.0,0.0,0.0,105.73210207318756,23.944476677826398,41.65727121272088,0.392748203042731,0.8132053534219432,111.0,0.0,111.0,23.944476677826398,21.71171171171171,111.0,True,1.1028368926301786,False,46.0,46.0,0.0,46.0,65.0,True,41.0,False,25.351755941853575,22.94855596789947,0.0,0.0,0.0,0.0,46.0,0.0,46.0,25.351755941853575,0.0,0.0,0.0,0.0,0.0,1.451613878074365,0.7349051836201115,1.0753773111460383,0.8248331507635595,1.3891220963233428,111.0,0.0,111.0,0.7349051836201115,0.6748064675734335,111.0,True,1.0890606698877525,False,17.0,17.0,0.0,17.0,94.0,True,1.0,True,0.1701091971621446,0.8370491386178288,17.0,0.0,17.0,0.1701091971621446,0.0,0.0,0.0,0.0,0.0,0.0,0.0,0.0,0.0,0.0,True,0.0,0.0,0.0,0.0,0.0,0.0,14.140714053105702,12.212015514010787,12.212015514010787,136.0,1.0,1.0,1.0,1.0,1.0,equal_target_MAE_ratio_to_matched_differenced_XGBoost_anchor,14.140714053105702,source-retained disjoint C-selection block,,,,,,,,,,k_sigma,,,,,,,,,True,,0.0,4.0,observed_or_degraded,anchor_residual,True,0.0,4.0,False,6.0,0.0,0.0,1.0,underpowered degraded validation (6<8); only 1 independent degradation episode(s) < 2; rescue lower bound not positive (-inf),True,490.0,190.0,300.0,1.000001,train-only state-aware logistic selector,False,26.0,0.0,0.0,1.0,underpowered nominal validation (7<8); rescue lower bound not positive (0.0),True,490.0,394.0,96.0,1.000001,train-only state-aware logistic selector,False,22.0,0.030634891018351554,0.0016385954882712137,1.0107520007299924,rescue lower bound not positive (-1.284131580222534),True,490.0,388.0,102.0,0.1634,train-only state-aware logistic selector,False,0.0,,0.0,1.0,underpowered degraded validation (0<8); only 0 independent degradation episode(s) < 2; rescue lower bound not positive (nan),True,490.0,202.0,288.0,0.1834,train-only state-aware logistic selector,True,True,52.0,1e-12,False,0.0,0.0,False,0.0,False,0.0,False,0.0,False,0.0,0.0,0.0,0.0,0.0,0.0,0.0,False,,,True,,True,,True,,True,0.006756756756756757,0.0,0.0,0.02702702702702703,0.0,0.0,2.0,0.006756756756756757,0.0,0.0,0.02702702702702703,0.0,"rolling-origin h=1 (observed history, no future info)",delta,,XGBoost Baseline,XGBoost (differenced target + drift bank),0.735 [0.591-0.884],<0.001 (Lg),<0.001 (Lg),23.944 [17.966-30.344],<0.001 (Lg),<0.001 (Lg),0.185 [0.153-0.219],<0.001 (Md),<0.001 (Md),1.044 [0.900-1.211],<0.001 (Sm),<0.001 (Sm),source-retained only,1.2261244531041147,0.0,D,True,0.0,6.4769973863087085,6.4769973863087085,6.4769973863087085,4,6.4769973863087085,0.7151818483387902,6.4769973863087085,source-retained only,1.281603915752808,False,0.0,True
M2P-PTAC (clip k=3.0),2.6248751850933956,1.0439617628396913,1.3388183591938023,0.6609178499234178,7.0,1.1749629807701039,111.0,0.0,111.0,1.0439617628396913,0.6120130896322442,111.0,True,1.7057833901346833,False,47.0,47.0,0.0,47.0,64.0,True,15.0,False,1.1458546786812833,0.9691341527685222,29.0,0.0,29.0,0.966343343968607,18.0,0.0,18.0,1.4350673846072624,0.0,0.0,0.0,0.0,0.0,0.3045181447751066,0.1846459209486356,0.25572645027265717,0.9822281896254526,1.7491252324958424,111.0,0.0,111.0,0.1846459209486356,0.183395737921935,111.0,True,1.0068168597638445,False,84.0,84.0,0.0,84.0,27.0,True,74.0,False,0.19402496881388093,0.15546666092342798,0.0,0.0,0.0,0.0,84.0,0.0,84.0,0.19402496881388093,0.0,0.0,0.0,0.0,0.0,105.73210207318756,23.944476677826398,41.65727121272088,0.392748203042731,0.8132053534219432,111.0,0.0,111.0,23.944476677826398,21.71171171171171,111.0,True,1.1028368926301786,False,46.0,46.0,0.0,46.0,65.0,True,41.0,False,25.351755941853575,22.94855596789947,0.0,0.0,0.0,0.0,46.0,0.0,46.0,25.351755941853575,0.0,0.0,0.0,0.0,0.0,1.451613878074365,0.7349051836201115,1.0753773111460383,0.8248331507635595,1.3891220963233428,111.0,0.0,111.0,0.7349051836201115,0.6748064675734335,111.0,True,1.0890606698877525,False,17.0,17.0,0.0,17.0,94.0,True,1.0,True,0.1701091971621446,0.8370491386178288,17.0,0.0,17.0,0.1701091971621446,0.0,0.0,0.0,0.0,0.0,0.0,0.0,0.0,0.0,0.0,True,0.0,0.0,0.0,0.0,0.0,0.0,14.140714053105702,12.212015514010787,12.212015514010787,136.0,1.0,1.0,1.0,1.0,1.0,equal_target_MAE_ratio_to_matched_differenced_XGBoost_anchor,14.140714053105702,source-retained disjoint C-selection block,,,,,,,,,,k_sigma,,,,,,,,,True,,0.0,4.0,observed_or_degraded,anchor_residual,True,0.0,4.0,False,6.0,0.0,0.0,1.0,underpowered degraded validation (6<8); only 1 independent degradation episode(s) < 2; rescue lower bound not positive (-inf),True,490.0,190.0,300.0,1.000001,train-only state-aware logistic selector,False,26.0,0.0,0.0,1.0,underpowered nominal validation (7<8); rescue lower bound not positive (0.0),True,490.0,394.0,96.0,1.000001,train-only state-aware logistic selector,False,22.0,0.5134998692406548,-0.00483237284684356,0.9983378939431194,rescue lower bound not positive (-1.0892975356784835),True,490.0,388.0,102.0,0.228,train-only state-aware logistic selector,False,0.0,,0.0,1.0,underpowered degraded validation (0<8); only 0 independent degradation episode(s) < 2; rescue lower bound not positive (nan),True,490.0,202.0,288.0,0.9814,train-only state-aware logistic selector,True,True,52.0,1e-12,False,0.0,0.0,False,0.0,False,0.0,False,0.0,False,0.0,0.0,0.0,0.0,0.0,0.0,0.0,False,,,True,,True,,True,,True,0.0,0.0,0.0,0.0,0.0,0.0,3.0,0.0,0.0,0.0,0.0,0.0,"rolling-origin h=1 (observed history, no future info)",delta,,XGBoost Baseline,XGBoost (differenced target + drift bank),0.735 [0.594-0.887],<0.001 (Lg),<0.001 (Lg),23.944 [18.234-30.539],<0.001 (Lg),<0.001 (Lg),0.185 [0.152-0.220],<0.001 (Md),<0.001 (Md),1.044 [0.897-1.203],<0.001 (Sm),<0.001 (Sm),source-retained only,1.2261244531041147,0.0,D,True,0.0,6.4769973863087085,6.4769973863087085,6.4769973863087085,4,6.4769973863087085,0.7151818483387902,6.4769973863087085,source-retained only,1.281603915752808,False,0.0,True
"M2P-PTAC (unbounded, as submitted)",2.6248751850933956,1.0439617628396913,1.3388183591938023,0.6609178499234178,7.0,1.1749629807701039,111.0,0.0,111.0,1.0439617628396913,0.6120130896322442,111.0,True,1.7057833901346833,False,47.0,47.0,0.0,47.0,64.0,True,15.0,False,1.1458546786812833,0.9691341527685222,29.0,0.0,29.0,0.966343343968607,18.0,0.0,18.0,1.4350673846072624,0.0,0.0,0.0,0.0,0.0,0.3045181447751066,0.1846459209486356,0.25572645027265717,0.9822281896254526,1.7491252324958424,111.0,0.0,111.0,0.1846459209486356,0.183395737921935,111.0,True,1.0068168597638445,False,84.0,84.0,0.0,84.0,27.0,True,74.0,False,0.19402496881388093,0.15546666092342798,0.0,0.0,0.0,0.0,84.0,0.0,84.0,0.19402496881388093,0.0,0.0,0.0,0.0,0.0,105.73210207318756,23.944476677826398,41.65727121272088,0.392748203042731,0.8132053534219432,111.0,0.0,111.0,23.944476677826398,21.71171171171171,111.0,True,1.1028368926301786,False,46.0,46.0,0.0,46.0,65.0,True,41.0,False,25.351755941853575,22.94855596789947,0.0,0.0,0.0,0.0,46.0,0.0,46.0,25.351755941853575,0.0,0.0,0.0,0.0,0.0,1.451613878074365,0.7349051836201115,1.0753773111460383,0.8248331507635595,1.3891220963233428,111.0,0.0,111.0,0.7349051836201115,0.6748064675734335,111.0,True,1.0890606698877525,False,17.0,17.0,0.0,17.0,94.0,True,1.0,True,0.1701091971621446,0.8370491386178288,17.0,0.0,17.0,0.1701091971621446,0.0,0.0,0.0,0.0,0.0,0.0,0.0,0.0,0.0,0.0,True,0.0,0.0,0.0,0.0,0.0,0.0,14.140714053105702,12.212015514010787,12.212015514010787,136.0,1.0,1.0,1.0,1.0,1.0,equal_target_MAE_ratio_to_matched_differenced_XGBoost_anchor,14.140714053105702,source-retained disjoint C-selection block,,,,,,,,,,none,,,,,,,,,True,,0.0,4.0,observed_or_degraded,anchor_residual,True,0.0,4.0,False,6.0,0.0,0.0,1.0,underpowered degraded validation (6<8); only 1 independent degradation episode(s) < 2; rescue lower bound not positive (-inf),True,490.0,190.0,300.0,1.000001,train-only state-aware logistic selector,False,26.0,0.0,0.0,1.0,underpowered nominal validation (7<8); rescue lower bound not positive (0.0),True,490.0,394.0,96.0,1.000001,train-only state-aware logistic selector,False,22.0,0.20969174305597943,0.00010166739492126026,1.0016537457308268,rescue lower bound not positive (-0.6810892980855849),True,490.0,388.0,102.0,0.599,train-only state-aware logistic selector,False,0.0,,0.0,1.0,underpowered degraded validation (0<8); only 0 independent degradation episode(s) < 2; rescue lower bound not positive (nan),True,490.0,202.0,288.0,0.9682,train-only state-aware logistic selector,True,True,52.0,1e-12,False,0.0,0.0,False,0.0,False,0.0,False,0.0,False,0.0,0.0,0.0,0.0,0.0,0.0,0.0,False,,,True,,True,,True,,True,,,,,,0.0,,,,,,,"rolling-origin h=1 (observed history, no future info)",delta,,XGBoost Baseline,XGBoost (differenced target + drift bank),0.735 [0.590-0.891],<0.001 (Lg),<0.001 (Lg),23.944 [18.121-30.383],<0.001 (Lg),<0.001 (Lg),0.185 [0.152-0.218],<0.001 (Md),<0.001 (Md),1.044 [0.896-1.198],<0.001 (Sm),<0.001 (Sm),source-retained only,1.2261244531041147,0.0,D,True,0.0,6.4769973863087085,6.4769973863087085,6.4769973863087085,4,6.4769973863087085,0.7151818483387902,6.4769973863087085,source-retained only,1.281603915752808,False,0.0,True
M2P-PTAC (conformal a=0.2),2.6248751850933956,1.0439617628396913,1.3388183591938023,0.6609178499234178,7.0,1.1749629807701039,111.0,0.0,111.0,1.0439617628396913,0.6120130896322442,111.0,True,1.7057833901346833,False,47.0,47.0,0.0,47.0,64.0,True,15.0,False,1.1458546786812833,0.9691341527685222,29.0,0.0,29.0,0.966343343968607,18.0,0.0,18.0,1.4350673846072624,0.0,0.0,0.0,0.0,0.0,0.3045181447751066,0.1846459209486356,0.25572645027265717,0.9822281896254526,1.7491252324958424,111.0,0.0,111.0,0.1846459209486356,0.183395737921935,111.0,True,1.0068168597638445,False,84.0,84.0,0.0,84.0,27.0,True,74.0,False,0.19402496881388093,0.15546666092342798,0.0,0.0,0.0,0.0,84.0,0.0,84.0,0.19402496881388093,0.0,0.0,0.0,0.0,0.0,105.73210207318756,23.944476677826398,41.65727121272088,0.392748203042731,0.8132053534219432,111.0,0.0,111.0,23.944476677826398,21.71171171171171,111.0,True,1.1028368926301786,False,46.0,46.0,0.0,46.0,65.0,True,41.0,False,25.351755941853575,22.94855596789947,0.0,0.0,0.0,0.0,46.0,0.0,46.0,25.351755941853575,0.0,0.0,0.0,0.0,0.0,1.451613878074365,0.7349051836201115,1.0753773111460383,0.8248331507635595,1.3891220963233428,111.0,0.0,111.0,0.7349051836201115,0.6748064675734335,111.0,True,1.0890606698877525,False,17.0,17.0,0.0,17.0,94.0,True,1.0,True,0.1701091971621446,0.8370491386178288,17.0,0.0,17.0,0.1701091971621446,0.0,0.0,0.0,0.0,0.0,0.0,0.0,0.0,0.0,0.0,True,0.0,0.0,0.0,0.0,0.0,0.0,14.140714053105702,12.212015514010787,12.212015514010787,136.0,1.0,1.0,1.0,1.0,1.0,equal_target_MAE_ratio_to_matched_differenced_XGBoost_anchor,14.140714053105702,source-retained disjoint C-selection block,0.2,0.0,44.0,0.0,44.0,1.7944098711013794,44.0,0.0,44.0,conformal,True,4.0,True,4.0,True,4.0,True,4.0,True,,0.0,4.0,observed_or_degraded,anchor_residual,True,0.0,4.0,False,6.0,0.0,0.0,1.0,underpowered degraded validation (6<8); only 1 independent degradation episode(s) < 2; rescue lower bound not positive (-inf),True,490.0,190.0,300.0,1.000001,train-only state-aware logistic selector,False,26.0,0.0,0.0,1.0,underpowered nominal validation (7<8); rescue lower bound not positive (0.0),True,490.0,394.0,96.0,1.000001,train-only state-aware logistic selector,False,22.0,0.40382238042851293,-0.007092797211345246,0.9897423974848559,rescue lower bound not positive (-0.06679123538621046),True,490.0,388.0,102.0,0.1011,train-only state-aware logistic selector,False,0.0,,0.0,1.0,underpowered degraded validation (0<8); only 0 independent degradation episode(s) < 2; rescue lower bound not positive (nan),True,490.0,202.0,288.0,0.9763,train-only state-aware logistic selector,True,True,52.0,1e-12,False,0.0,0.0,False,0.0,False,0.0,False,0.0,False,0.0,0.0,0.0,0.0,0.0,0.0,0.0,False,,,True,,True,,True,,True,0.0,0.0,0.0,0.0,0.0,0.0,,0.0,0.0,0.0,0.0,0.0,"rolling-origin h=1 (observed history, no future info)",delta,,XGBoost Baseline,XGBoost (differenced target + drift bank),0.735 [0.596-0.892],<0.001 (Lg),<0.001 (Lg),23.944 [17.922-30.630],<0.001 (Lg),<0.001 (Lg),0.185 [0.152-0.218],<0.001 (Md),<0.001 (Md),1.044 [0.905-1.206],<0.001 (Sm),<0.001 (Sm),source-retained only,1.2261244531041147,0.0,D,True,0.0,6.4769973863087085,6.4769973863087085,6.4769973863087085,4,6.4769973863087085,0.7151818483387902,6.4769973863087085,source-retained only,1.281603915752808,False,0.0,True
M2P-PTAC (conformal a=0.1),2.6248751850933956,1.0439617628396913,1.3388183591938023,0.6609178499234178,7.0,1.1749629807701039,111.0,0.0,111.0,1.0439617628396913,0.6120130896322442,111.0,True,1.7057833901346833,False,47.0,47.0,0.0,47.0,64.0,True,15.0,False,1.1458546786812833,0.9691341527685222,29.0,0.0,29.0,0.966343343968607,18.0,0.0,18.0,1.4350673846072624,0.0,0.0,0.0,0.0,0.0,0.3045181447751066,0.1846459209486356,0.25572645027265717,0.9822281896254526,1.7491252324958424,111.0,0.0,111.0,0.1846459209486356,0.183395737921935,111.0,True,1.0068168597638445,False,84.0,84.0,0.0,84.0,27.0,True,74.0,False,0.19402496881388093,0.15546666092342798,0.0,0.0,0.0,0.0,84.0,0.0,84.0,0.19402496881388093,0.0,0.0,0.0,0.0,0.0,105.73210207318756,23.944476677826398,41.65727121272088,0.392748203042731,0.8132053534219432,111.0,0.0,111.0,23.944476677826398,21.71171171171171,111.0,True,1.1028368926301786,False,46.0,46.0,0.0,46.0,65.0,True,41.0,False,25.351755941853575,22.94855596789947,0.0,0.0,0.0,0.0,46.0,0.0,46.0,25.351755941853575,0.0,0.0,0.0,0.0,0.0,1.451613878074365,0.7349051836201115,1.0753773111460383,0.8248331507635595,1.3891220963233428,111.0,0.0,111.0,0.7349051836201115,0.6748064675734335,111.0,True,1.0890606698877525,False,17.0,17.0,0.0,17.0,94.0,True,1.0,True,0.1701091971621446,0.8370491386178288,17.0,0.0,17.0,0.1701091971621446,0.0,0.0,0.0,0.0,0.0,0.0,0.0,0.0,0.0,0.0,True,0.0,0.0,0.0,0.0,0.0,0.0,14.140714053105702,12.212015514010787,12.212015514010787,136.0,1.0,1.0,1.0,1.0,1.0,equal_target_MAE_ratio_to_matched_differenced_XGBoost_anchor,14.140714053105702,source-retained disjoint C-selection block,0.1,0.0,44.0,0.0,44.0,2.085705041885376,44.0,0.0,44.0,conformal,True,9.0,True,9.0,True,9.0,True,9.0,True,,0.0,4.0,observed_or_degraded,anchor_residual,True,0.0,4.0,False,6.0,0.0,0.0,1.0,underpowered degraded validation (6<8); only 1 independent degradation episode(s) < 2; rescue lower bound not positive (-inf),True,490.0,190.0,300.0,1.000001,train-only state-aware logistic selector,False,26.0,0.0,0.0,1.0,underpowered nominal validation (7<8); rescue lower bound not positive (0.0),True,490.0,394.0,96.0,1.000001,train-only state-aware logistic selector,False,22.0,-0.016781291613976162,-0.0006253936052461242,0.9997775821106107,rescue lower bound not positive (-0.05627376968705419),True,490.0,388.0,102.0,0.8476,train-only state-aware logistic selector,False,0.0,,0.0,1.0,underpowered degraded validation (0<8); only 0 independent degradation episode(s) < 2; rescue lower bound not positive (nan),True,490.0,202.0,288.0,0.3877,train-only state-aware logistic selector,True,True,52.0,1e-12,False,0.0,0.0,False,0.0,False,0.0,False,0.0,False,0.0,0.0,0.0,0.0,0.0,0.0,0.0,False,,,True,,True,,True,,True,0.0,0.0,0.0,0.0,0.0,0.0,,0.0,0.0,0.0,0.0,0.0,"rolling-origin h=1 (observed history, no future info)",delta,,XGBoost Baseline,XGBoost (differenced target + drift bank),0.735 [0.600-0.889],<0.001 (Lg),<0.001 (Lg),23.944 [17.736-30.471],<0.001 (Lg),<0.001 (Lg),0.185 [0.153-0.219],<0.001 (Md),<0.001 (Md),1.044 [0.899-1.214],<0.001 (Sm),<0.001 (Sm),source-retained only,1.2261244531041147,0.0,D,True,0.0,6.4769973863087085,6.4769973863087085,6.4769973863087085,4,6.4769973863087085,0.7151818483387902,6.4769973863087085,source-retained only,1.281603915752808,False,0.0,True
M2P-PTAC (conformal a=0.05),2.6248751850933956,1.0439617628396913,1.3388183591938023,0.6609178499234178,7.0,1.1749629807701039,111.0,0.0,111.0,1.0439617628396913,0.6120130896322442,111.0,True,1.7057833901346833,False,47.0,47.0,0.0,47.0,64.0,True,15.0,False,1.1458546786812833,0.9691341527685222,29.0,0.0,29.0,0.966343343968607,18.0,0.0,18.0,1.4350673846072624,0.0,0.0,0.0,0.0,0.0,0.3045181447751066,0.1846459209486356,0.25572645027265717,0.9822281896254526,1.7491252324958424,111.0,0.0,111.0,0.1846459209486356,0.183395737921935,111.0,True,1.0068168597638445,False,84.0,84.0,0.0,84.0,27.0,True,74.0,False,0.19402496881388093,0.15546666092342798,0.0,0.0,0.0,0.0,84.0,0.0,84.0,0.19402496881388093,0.0,0.0,0.0,0.0,0.0,105.73210207318756,23.944476677826398,41.65727121272088,0.392748203042731,0.8132053534219432,111.0,0.0,111.0,23.944476677826398,21.71171171171171,111.0,True,1.1028368926301786,False,46.0,46.0,0.0,46.0,65.0,True,41.0,False,25.351755941853575,22.94855596789947,0.0,0.0,0.0,0.0,46.0,0.0,46.0,25.351755941853575,0.0,0.0,0.0,0.0,0.0,1.451613878074365,0.7349051836201115,1.0753773111460383,0.8248331507635595,1.3891220963233428,111.0,0.0,111.0,0.7349051836201115,0.6748064675734335,111.0,True,1.0890606698877525,False,17.0,17.0,0.0,17.0,94.0,True,1.0,True,0.1701091971621446,0.8370491386178288,17.0,0.0,17.0,0.1701091971621446,0.0,0.0,0.0,0.0,0.0,0.0,0.0,0.0,0.0,0.0,True,0.0,0.0,0.0,0.0,0.0,0.0,14.140714053105702,12.212015514010787,12.212015514010787,136.0,1.0,1.0,1.0,1.0,1.0,equal_target_MAE_ratio_to_matched_differenced_XGBoost_anchor,14.140714053105702,source-retained disjoint C-selection block,0.05,0.0,44.0,0.0,44.0,4.682165145874023,44.0,0.2535477876663208,44.0,conformal,True,19.0,True,19.0,True,19.0,True,19.0,True,,0.0,4.0,observed_or_degraded,anchor_residual,True,0.0,4.0,False,6.0,0.0,0.0,1.0,underpowered degraded validation (6<8); only 1 independent degradation episode(s) < 2; rescue lower bound not positive (-inf),True,490.0,190.0,300.0,1.000001,train-only state-aware logistic selector,False,26.0,0.0,0.0,1.0,underpowered nominal validation (7<8); rescue lower bound not positive (0.0),True,490.0,394.0,96.0,1.000001,train-only state-aware logistic selector,False,22.0,-0.15967771742078996,0.03562598798132746,1.0369289591313715,rescue lower bound not positive (-2.7386204117925645); nominal-harm UCB 0.10561136344891507 > 0.050,True,490.0,388.0,102.0,0.0588,train-only state-aware logistic selector,False,0.0,,0.0,1.0,underpowered degraded validation (0<8); only 0 independent degradation episode(s) < 2; rescue lower bound not positive (nan),True,490.0,202.0,288.0,0.3869,train-only state-aware logistic selector,True,True,52.0,1e-12,False,0.0,0.0,False,0.0,False,0.0,False,0.0,False,0.0,0.0,0.0,0.0,0.0,0.0,0.0,False,,,True,,True,,True,,True,0.0,0.0,0.0,0.0,0.0,0.0,,0.0,0.0,0.0,0.0,0.0,"rolling-origin h=1 (observed history, no future info)",delta,,XGBoost Baseline,XGBoost (differenced target + drift bank),0.735 [0.597-0.881],<0.001 (Lg),<0.001 (Lg),23.944 [17.987-30.648],<0.001 (Lg),<0.001 (Lg),0.185 [0.153-0.220],<0.001 (Md),<0.001 (Md),1.044 [0.890-1.210],<0.001 (Sm),<0.001 (Sm),source-retained only,1.2261244531041147,0.0,D,True,0.0,6.4769973863087085,6.4769973863087085,6.4769973863087085,4,6.4769973863087085,0.7151818483387902,6.4769973863087085,source-retained only,1.281603915752808,False,0.0,True
M2P-PTAC (R9 gate disabled; R19 retained),2.6248751850933956,1.0439617628396913,1.3388183591938023,0.6609178499234178,7.0,1.1749629807701039,111.0,0.0,111.0,1.0439617628396913,0.6120130896322442,111.0,True,1.7057833901346833,False,47.0,47.0,0.0,47.0,64.0,True,15.0,False,1.1458546786812833,0.9691341527685222,29.0,0.0,29.0,0.966343343968607,18.0,0.0,18.0,1.4350673846072624,0.0,0.0,0.0,0.0,0.0,0.3045181447751066,0.1846459209486356,0.25572645027265717,0.9822281896254526,1.7491252324958424,111.0,0.0,111.0,0.1846459209486356,0.183395737921935,111.0,True,1.0068168597638445,False,84.0,84.0,0.0,84.0,27.0,True,74.0,False,0.19402496881388093,0.15546666092342798,0.0,0.0,0.0,0.0,84.0,0.0,84.0,0.19402496881388093,0.0,0.0,0.0,0.0,0.0,105.73210207318756,23.944476677826398,41.65727121272088,0.392748203042731,0.8132053534219432,111.0,0.0,111.0,23.944476677826398,21.71171171171171,111.0,True,1.1028368926301786,False,46.0,46.0,0.0,46.0,65.0,True,41.0,False,25.351755941853575,22.94855596789947,0.0,0.0,0.0,0.0,46.0,0.0,46.0,25.351755941853575,0.0,0.0,0.0,0.0,0.0,1.451613878074365,0.7349051836201115,1.0753773111460383,0.8248331507635595,1.3891220963233428,111.0,0.0,111.0,0.7349051836201115,0.6748064675734335,111.0,True,1.0890606698877525,False,17.0,17.0,0.0,17.0,94.0,True,1.0,True,0.1701091971621446,0.8370491386178288,17.0,0.0,17.0,0.1701091971621446,0.0,0.0,0.0,0.0,0.0,0.0,0.0,0.0,0.0,0.0,True,0.0,0.0,0.0,0.0,0.0,0.0,14.140714053105702,12.212015514010787,12.212015514010787,136.0,1.0,1.0,1.0,1.0,1.0,equal_target_MAE_ratio_to_matched_differenced_XGBoost_anchor,14.140714053105702,source-retained disjoint C-selection block,0.1,0.0,44.0,0.0,44.0,2.8061957359313965,44.0,0.0,44.0,conformal,True,9.0,True,9.0,True,9.0,True,9.0,True,,0.0,4.0,observed_or_degraded,anchor_residual,True,0.0,4.0,False,6.0,0.0,0.0,1.0,underpowered degraded validation (6<8); only 1 independent degradation episode(s) < 2; rescue lower bound not positive (-inf),True,490.0,190.0,300.0,1.000001,train-only state-aware logistic selector,False,26.0,0.0,0.0,1.0,underpowered nominal validation (7<8); rescue lower bound not positive (0.0),True,490.0,394.0,96.0,1.000001,train-only state-aware logistic selector,False,22.0,0.15551909059286118,0.012415962347352082,1.016654117409873,rescue lower bound not positive (-1.7491189531615712),True,490.0,388.0,102.0,0.0393,train-only state-aware logistic selector,False,0.0,,0.0,1.0,underpowered degraded validation (0<8); only 0 independent degradation episode(s) < 2; rescue lower bound not positive (nan),True,490.0,202.0,288.0,0.8134,train-only state-aware logistic selector,True,True,52.0,1e-12,False,0.0,0.0,False,0.0,False,0.0,False,0.0,False,0.0,0.0,0.0,0.0,0.0,0.0,0.0,False,,,True,,True,,True,,True,0.0,0.0,0.0,0.0,0.0,0.0,,0.0,0.0,0.0,0.0,0.0,"rolling-origin h=1 (observed history, no future info)",delta,,XGBoost Baseline,XGBoost (differenced target + drift bank),0.735 [0.594-0.884],<0.001 (Lg),<0.001 (Lg),23.944 [17.902-30.645],<0.001 (Lg),<0.001 (Lg),0.185 [0.155-0.220],<0.001 (Md),<0.001 (Md),1.044 [0.907-1.205],<0.001 (Sm),<0.001 (Sm),source-retained only,1.2261244531041147,0.0,D,True,0.0,6.4769973863087085,6.4769973863087085,6.4769973863087085,4,6.4769973863087085,0.7151818483387902,6.4769973863087085,source-retained only,1.281603915752808,False,0.0,True
Ablation: M2P-Monolithic (no parity anchor),,1.6414219431130561,1.9221532880318992,1.0112874601109654,,,,,,,0.6227425509269077,107.0,True,2.63579538714661,False,,,,,,,,,,,,,,,,,,,,,,,,,0.20905453271168303,0.2564701405938311,1.126362724075284,,,,,,0.18492455055453072,107.0,True,1.130485552539098,False,,,,,,,,,,,,,,,,,,,,,,,,,40.213747113664574,50.64267702021426,0.653503201547025,,,,,,22.364485981308412,107.0,True,1.7981073719858376,False,,,,,,,,,,,,,,,,,,,,,,,,,0.6903308965512114,0.9328275332663095,0.7687547484954289,,,,,,0.6615282046789824,107.0,True,1.04353962789267,False,,,,,,,,,,,,,,,,,,,,,,,,,,0.0,0.0,0.0,0.0,,,,,,,,,,,,,,,,,,,,,,,,,,,,,,,,,,,,,,,,,,,,,,,,,,,,,,,,,,,,,,,,,,,,,,,,,,,,,,,,,,,,,,,,,,,,,,,,,,,,,,,,,,,,,,,,,,,,,,,,,,,,,,,,,,,,,"rolling-origin h=1 (observed history, no future info)",level,,XGBoost Baseline,XGBoost (differenced target + drift bank),nan [0.573-0.816],<0.001 (Lg),<0.001 (Lg),nan [34.588-46.487],1.000 (Lg),1.000 (Lg),nan [0.181-0.238],0.011 (Md),0.011 (Md),nan [1.460-1.834],1.000 (Md),1.000 (Md),source-retained only,1.651981984891054,0.0,D,True,0.0,10.688638621510131,10.688638621510131,,0,,0.8899770335571757,,source-retained only,,False,,False
"Ablation: M2P-Monolithic (tuned, C-T7) (no parity anchor)",,1.3495149891409794,1.664681124738294,0.8314422695981094,,,,,,,0.6227425509269077,107.0,True,2.1670511949638307,False,,,,,,,,,,,,,,,,,,,,,,,,,0.18325193591534422,0.23904814739524605,0.9873411834334331,,,,,,0.18492455055453072,107.0,True,0.9909551509836263,True,,,,,,,,,,,,,,,,,,,,,,,,,31.024731787565713,40.62930788383864,0.5041748905667788,,,,,,22.364485981308412,107.0,True,1.3872320523483206,False,,,,,,,,,,,,,,,,,,,,,,,,,0.7266753379573256,0.9271826388559231,0.8092280375397815,,,,,,0.6615282046789824,107.0,True,1.0984797516078046,False,,,,,,,,,,,,,,,,,,,,,,,,,,0.0,0.0,0.0,0.0,,,,,,,,,,,,,,,,,,,,,,,,,,,,,,,,,,,,,,,,,,,,,,,,,,,,,,,,,,,,,,,,,,,,,,,,,,,,,,,,,,,,,,,,,,,,,,,,,,,,,,,,,,,,,,,,,,,,,,,,,,,,,,,,,,,,,"rolling-origin h=1 (observed history, no future info)",level,,XGBoost Baseline,XGBoost (differenced target + drift bank),nan [0.617-0.847],<0.001 (Lg),<0.001 (Lg),nan [26.103-36.205],0.031 (Lg),0.031 (Lg),nan [0.154-0.213],<0.001 (Md),<0.001 (Md),nan [1.170-1.541],0.013 (Md),0.013 (Md),source-retained only,1.4109295374758954,0.25,D,True,0.0,8.32104351264484,8.32104351264484,,0,,0.7830465952845257,,source-retained only,,False,,False
XGBoost Baseline,2.6248751850933956,1.5300268820180436,1.8492089905162927,0.9686389992270986,7.0,1.7220218306313233,111.0,0.0,111.0,1.5300268820180436,0.6120130896322442,111.0,True,2.4999904543502978,False,47.0,47.0,0.0,47.0,64.0,True,15.0,False,1.62413271580321,1.4609179103320606,29.0,0.0,29.0,1.2175082164134694,18.0,0.0,18.0,2.2792499648200137,0.0,0.0,0.0,0.0,,0.3045181447751066,0.273608029418098,0.34398879569965624,1.4554641555124577,2.5918509632378437,111.0,0.0,111.0,0.273608029418098,0.183395737921935,111.0,True,1.491899607473774,False,84.0,84.0,0.0,84.0,27.0,True,74.0,False,0.33163335686638246,0.09308478846787967,0.0,0.0,0.0,0.0,84.0,0.0,84.0,0.33163335686638246,0.0,0.0,0.0,0.0,,105.73210207318756,44.11882555162585,59.282803810469126,0.7236570541465565,1.4983691482593644,111.0,0.0,111.0,44.11882555162585,21.71171171171171,111.0,True,2.0320288947014395,False,46.0,46.0,0.0,46.0,65.0,True,41.0,False,72.43208379330842,24.08175048828125,0.0,0.0,0.0,0.0,46.0,0.0,46.0,72.43208379330842,0.0,0.0,0.0,0.0,,1.451613878074365,1.346895056656645,1.6389216086842562,1.5117102424797222,2.5459089503409844,111.0,0.0,111.0,1.346895056656645,0.6748064675734335,111.0,True,1.995972358563789,False,17.0,17.0,0.0,17.0,94.0,True,1.0,True,0.30310833701507217,1.5356649953152275,17.0,0.0,17.0,0.30310833701507217,0.0,0.0,0.0,0.0,0.0,0.0,0.0,0.0,,0.0,True,0.0,0.0,0.0,0.0,0.0,0.0,,,,,,,,,,,,,,,,,,,,,,,,,,,,,,,,,,,,,,,,,,,,,,,,,,,,,,,,,,,,,,,,,,,,,,,,,,,,,,,,,,,,,,,,,False,0.0,,,,,,,,,,,,,,,,,,,,,,,,,,,,,,,,,,,,,,,,,"rolling-origin h=1 (observed history, no future info)",level,150.0,XGBoost Baseline,XGBoost (differenced target + drift bank),1.347 [1.179-1.514],Ref,Ref,44.119 [36.866-51.487],Ref,Ref,0.274 [0.236-0.314],Ref,Ref,1.530 [1.346-1.730],Ref,Ref,source-retained only,2.004972828772325,0.0,D,True,0.0,11.817338879929657,11.817338879929657,11.817338879929657,4,11.817338879929657,1.1648676128414588,11.817338879929657,source-retained only,2.089537723117379,False,,False
LightGBM Baseline,2.6248751850933956,1.2850251768497687,1.845742422093679,0.8135317855615992,7.0,1.446276162499531,111.0,0.0,111.0,1.2850251768497687,0.6120130896322442,111.0,True,2.0996694329232963,False,47.0,47.0,0.0,47.0,64.0,True,15.0,False,1.7096289598473373,0.9732067737109296,29.0,0.0,29.0,0.3898803797548992,18.0,0.0,18.0,3.8358905611073757,0.0,0.0,0.0,0.0,,0.3045181447751066,0.22142647930798667,0.28666654707092143,1.1778832090546032,2.0975423670911044,111.0,0.0,111.0,0.22142647930798667,0.183395737921935,111.0,True,1.2073698212236534,False,84.0,84.0,0.0,84.0,27.0,True,74.0,False,0.2561841633457722,0.11329146230154291,0.0,0.0,0.0,0.0,84.0,0.0,84.0,0.2561841633457722,0.0,0.0,0.0,0.0,,105.73210207318756,32.73043371831616,46.4589286735904,0.536859468705031,1.111595140611482,111.0,0.0,111.0,32.73043371831616,21.71171171171171,111.0,True,1.5075013040386283,False,46.0,46.0,0.0,46.0,65.0,True,41.0,False,47.76138223644298,22.093147074718726,0.0,0.0,0.0,0.0,46.0,0.0,46.0,47.76138223644298,0.0,0.0,0.0,0.0,,1.451613878074365,1.205457828518642,1.5335152287113747,1.3529657988146755,2.2785634706405893,111.0,0.0,111.0,1.205457828518642,0.6748064675734335,111.0,True,1.7863756298208004,False,17.0,17.0,0.0,17.0,94.0,True,1.0,True,0.05900465333089442,1.4127951048823835,17.0,0.0,17.0,0.05900465333089442,0.0,0.0,0.0,0.0,0.0,0.0,0.0,0.0,,0.0,True,0.0,0.0,0.0,0.0,0.0,0.0,,,,,,,,,,,,,,,,,,,,,,,,,,,,,,,,,,,,,,,,,,,,,,,,,,,,,,,,,,,,,,,,,,,,,,,,,,,,,,,,,,,,,,,,,False,0.0,,,,,,,,,,,,,,,,,,,,,,,,,,,,,,,,,,,,,,,,,"rolling-origin h=1 (observed history, no future info)",level,150.0,XGBoost Baseline,XGBoost (differenced target + drift bank),1.205 [1.030-1.385],0.001 (Lg),0.001 (Lg),32.730 [26.938-38.949],<0.001 (Lg),<0.001 (Lg),0.221 [0.189-0.259],<0.001 (Md),<0.001 (Md),1.285 [1.037-1.542],0.073 (Sm),0.073 (Sm),source-retained only,1.6502290470015946,0.0,D,True,0.0,8.86058580074814,8.86058580074814,8.86058580074814,4,8.86058580074814,0.9703100655339773,8.86058580074814,source-retained only,1.7334942852106767,False,,False
XGBoost (differenced target),2.6248751850933956,0.8923738591097744,1.2393323632400035,0.564949630613302,7.0,1.00435311596939,111.0,0.0,111.0,0.8923738591097744,0.6120130896322442,111.0,True,1.4580960345897138,False,47.0,47.0,0.0,47.0,64.0,True,15.0,False,0.8770573271117517,0.9036219372958225,29.0,0.0,29.0,0.5064696934565591,18.0,0.0,18.0,1.4741151813340065,0.0,0.0,0.0,0.0,,0.3045181447751066,0.1977810220094612,0.2647343109984256,1.052100659427323,1.8735522254065826,111.0,0.0,111.0,0.1977810220094612,0.183395737921935,111.0,True,1.0784384863602965,False,84.0,84.0,0.0,84.0,27.0,True,74.0,False,0.2088450467585139,0.16335961167907542,0.0,0.0,0.0,0.0,84.0,0.0,84.0,0.2088450467585139,0.0,0.0,0.0,0.0,,105.73210207318756,35.04825994451237,52.326402385044126,0.5748775092557719,1.190313448837863,111.0,0.0,111.0,35.04825994451237,21.71171171171171,111.0,True,1.6142559559505696,False,46.0,46.0,0.0,46.0,65.0,True,41.0,False,54.207395120280914,21.489487358583855,0.0,0.0,0.0,0.0,46.0,0.0,46.0,54.207395120280914,0.0,0.0,0.0,0.0,,1.451613878074365,0.7210599703608686,1.0121315047012291,0.8092937435990047,1.3629517928673462,111.0,0.0,111.0,0.7210599703608686,0.6748064675734335,111.0,True,1.068543360222613,False,17.0,17.0,0.0,17.0,94.0,True,1.0,True,0.293569816762963,0.7983720194158087,17.0,0.0,17.0,0.293569816762963,0.0,0.0,0.0,0.0,0.0,0.0,0.0,0.0,,0.0,True,0.0,0.0,0.0,0.0,0.0,0.0,,,,,,,,,,,,,,,,,,,,,,,,,,,,,,,,,,,,,,,,,,,,,,,,,,,,,,,,,,,,,,,,,,,,,,,,,,,,,,,,,,,,,,,,,False,0.0,,,,,,,,,,,,,,,,,,,,,,,,,,,,,,,,,,,,,,,,,"rolling-origin h=1 (observed history, no future info)",delta,150.0,XGBoost Baseline,XGBoost (differenced target + drift bank),0.721 [0.594-0.856],<0.001 (Lg),<0.001 (Lg),35.048 [28.214-42.394],<0.001 (Lg),<0.001 (Lg),0.198 [0.166-0.232],<0.001 (Md),<0.001 (Md),0.892 [0.741-1.059],<0.001 (Sm),<0.001 (Sm),source-retained only,1.3048334592807982,0.0,D,True,0.0,9.214868698998117,9.214868698998117,9.214868698998117,4,9.214868698998117,0.7503053857238504,9.214868698998117,source-retained only,1.3577926457702953,False,,False
LightGBM (differenced target),2.6248751850933956,0.6233734201673424,1.1347986740055804,0.39464914829421105,7.0,0.7015972404011767,111.0,0.0,111.0,0.6233734201673424,0.6120130896322442,111.0,True,1.018562234578879,False,47.0,47.0,0.0,47.0,64.0,True,15.0,False,0.3317356318414244,0.8375449209691883,29.0,0.0,29.0,0.31491994213865754,18.0,0.0,18.0,0.35882757636254886,0.0,0.0,0.0,0.0,,0.3045181447751066,0.1822874214590959,0.26513079340668116,0.9696820977760281,1.726783493524365,111.0,0.0,111.0,0.1822874214590959,0.183395737921935,111.0,True,0.9939566945480987,True,84.0,84.0,0.0,84.0,27.0,True,74.0,False,0.18205465833753381,0.18301157339284485,0.0,0.0,0.0,0.0,84.0,0.0,84.0,0.18205465833753381,0.0,0.0,0.0,0.0,,105.73210207318756,21.687603885857413,38.43792885900689,0.3557299484586716,0.7365571534585224,111.0,0.0,111.0,21.687603885857413,21.71171171171171,111.0,True,0.9988896395560883,True,46.0,46.0,0.0,46.0,65.0,True,41.0,False,22.89524483833127,20.83296567333746,0.0,0.0,0.0,0.0,46.0,0.0,46.0,22.89524483833127,0.0,0.0,0.0,0.0,,1.451613878074365,0.6606670807438089,1.0749120891903894,0.7415107716771395,1.2487967980493475,111.0,0.0,111.0,0.6606670807438089,0.6748064675734335,111.0,True,0.9790467526482531,True,17.0,17.0,0.0,17.0,94.0,True,1.0,True,0.19318061581324072,0.7452125052525286,17.0,0.0,17.0,0.19318061581324072,0.0,0.0,0.0,0.0,0.0,0.0,0.0,0.0,,0.0,True,0.0,0.0,0.0,0.0,0.0,0.0,,,,,,,,,,,,,,,,,,,,,,,,,,,,,,,,,,,,,,,,,,,,,,,,,,,,,,,,,,,,,,,,,,,,,,,,,,,,,,,,,,,,,,,,,False,0.0,,,,,,,,,,,,,,,,,,,,,,,,,,,,,,,,,,,,,,,,,"rolling-origin h=1 (observed history, no future info)",delta,150.0,XGBoost Baseline,XGBoost (differenced target + drift bank),0.661 [0.510-0.816],<0.001 (Lg),<0.001 (Lg),21.688 [16.090-27.861],<0.001 (Lg),<0.001 (Lg),0.182 [0.148-0.219],<0.001 (Md),<0.001 (Md),0.623 [0.458-0.821],<0.001 (Negl),<0.001 (Negl),source-retained only,0.9976138303328297,0.75,D,True,0.0,5.788482952056915,5.788482952056915,5.788482952056915,4,5.788482952056915,0.6153929915515126,5.788482952056915,source-retained only,1.1034336713583528,False,,False
XGBoost (differenced target + drift bank),2.6248751850933956,1.0439617628396913,1.3388183591938023,0.6609178499234178,7.0,1.1749629807701039,111.0,0.0,111.0,1.0439617628396913,0.6120130896322442,111.0,True,1.7057833901346833,False,47.0,47.0,0.0,47.0,64.0,True,15.0,False,1.1458546786812833,0.9691341527685222,29.0,0.0,29.0,0.966343343968607,18.0,0.0,18.0,1.4350673846072624,0.0,0.0,0.0,0.0,,0.3045181447751066,0.1846459209486356,0.25572645027265717,0.9822281896254526,1.7491252324958424,111.0,0.0,111.0,0.1846459209486356,0.183395737921935,111.0,True,1.0068168597638445,False,84.0,84.0,0.0,84.0,27.0,True,74.0,False,0.19402496881388093,0.15546666092342798,0.0,0.0,0.0,0.0,84.0,0.0,84.0,0.19402496881388093,0.0,0.0,0.0,0.0,,105.73210207318756,23.944476677826398,41.65727121272088,0.392748203042731,0.8132053534219432,111.0,0.0,111.0,23.944476677826398,21.71171171171171,111.0,True,1.1028368926301786,False,46.0,46.0,0.0,46.0,65.0,True,41.0,False,25.351755941853575,22.94855596789947,0.0,0.0,0.0,0.0,46.0,0.0,46.0,25.351755941853575,0.0,0.0,0.0,0.0,,1.451613878074365,0.7349051836201115,1.0753773111460383,0.8248331507635595,1.3891220963233428,111.0,0.0,111.0,0.7349051836201115,0.6748064675734335,111.0,True,1.0890606698877525,False,17.0,17.0,0.0,17.0,94.0,True,1.0,True,0.1701091971621446,0.8370491386178288,17.0,0.0,17.0,0.1701091971621446,0.0,0.0,0.0,0.0,0.0,0.0,0.0,0.0,,0.0,True,0.0,0.0,0.0,0.0,0.0,0.0,,,,,,,,,,,,,,,,,,,,,,,,,,,,,,,,,,,,,,,,,,,,,,,,,,,,,,,,,,,,,,,,,,,,,,,,,,,,,,,,,,,,,,,,,True,52.0,,,,,,,,,,,,,,,,,,,,,,,,,,,,,,,,,,,,,,,,,"rolling-origin h=1 (observed history, no future info)",delta,202.0,XGBoost Baseline,XGBoost (differenced target + drift bank),0.735 [0.591-0.886],<0.001 (Lg),<0.001 (Lg),23.944 [17.725-30.552],<0.001 (Lg),<0.001 (Lg),0.185 [0.155-0.219],<0.001 (Md),<0.001 (Md),1.044 [0.893-1.212],<0.001 (Sm),<0.001 (Sm),source-retained only,1.2261244531041147,0.0,D,True,0.0,6.4769973863087085,6.4769973863087085,6.4769973863087085,4,6.4769973863087085,0.7151818483387902,6.4769973863087085,source-retained only,1.281603915752808,False,,False
LightGBM (differenced target + drift bank),2.6248751850933956,0.6287399982884516,1.1518445235818098,0.39804665517569077,7.0,0.7076372419128818,111.0,0.0,111.0,0.6287399982884516,0.6120130896322442,111.0,True,1.0273309655292806,False,47.0,47.0,0.0,47.0,64.0,True,15.0,False,0.33152834431149936,0.8470048066777759,29.0,0.0,29.0,0.3235579748642773,18.0,0.0,18.0,0.3443694950875794,0.0,0.0,0.0,0.0,,0.3045181447751066,0.182060138344463,0.26558497507704326,0.9684730600617294,1.7246304720620862,111.0,0.0,111.0,0.182060138344463,0.183395737921935,111.0,True,0.9927173903133969,True,84.0,84.0,0.0,84.0,27.0,True,74.0,False,0.1811842242711982,0.18478520435017579,0.0,0.0,0.0,0.0,84.0,0.0,84.0,0.1811842242711982,0.0,0.0,0.0,0.0,,105.73210207318756,21.649577865227023,38.34654249516559,0.3551062283635366,0.7352657089236496,111.0,0.0,111.0,21.649577865227023,21.71171171171171,111.0,True,0.9971382336266389,True,46.0,46.0,0.0,46.0,65.0,True,41.0,False,22.649941726226654,20.941628055904214,0.0,0.0,0.0,0.0,46.0,0.0,46.0,22.649941726226654,0.0,0.0,0.0,0.0,,1.451613878074365,0.6630184181493433,1.058085881512779,0.7441498346255888,1.253241309829561,111.0,0.0,111.0,0.6630184181493433,0.6748064675734335,111.0,True,0.9825312145177276,True,17.0,17.0,0.0,17.0,94.0,True,1.0,True,0.19132415204585532,0.7483248279765697,17.0,0.0,17.0,0.19132415204585532,0.0,0.0,0.0,0.0,0.0,0.0,0.0,0.0,,0.0,True,0.0,0.0,0.0,0.0,0.0,0.0,,,,,,,,,,,,,,,,,,,,,,,,,,,,,,,,,,,,,,,,,,,,,,,,,,,,,,,,,,,,,,,,,,,,,,,,,,,,,,,,,,,,,,,,,True,52.0,,,,,,,,,,,,,,,,,,,,,,,,,,,,,,,,,,,,,,,,,"rolling-origin h=1 (observed history, no future info)",delta,202.0,XGBoost Baseline,XGBoost (differenced target + drift bank),0.663 [0.524-0.834],<0.001 (Lg),<0.001 (Lg),21.650 [16.080-28.127],<0.001 (Lg),<0.001 (Lg),0.182 [0.148-0.220],<0.001 (Md),<0.001 (Md),0.629 [0.465-0.828],<0.001 (Negl),<0.001 (Negl),source-retained only,0.9999294509967611,0.75,D,True,0.0,5.78084910500232,5.78084910500232,5.78084910500232,4,5.78084910500232,0.6164439445566364,5.78084910500232,source-retained only,1.1051936831820446,False,,False
Prophet Specialist,,2.9665491202837804,3.779095133821145,1.901918555415688,,,,,,,0.6120130896322442,111.0,True,4.847198810839758,False,,,,,,,,,,,,,,,,,,,,,,,,,0.43929083400747343,0.5194669904830815,2.119653376546778,,,,,,0.183395737921935,111.0,True,2.3953164832787106,False,,,,,,,,,,,,,,,,,,,,,,,,,43.52273578473261,58.60049291936057,0.6849223659355779,,,,,,21.71171171171171,111.0,True,2.0045741378030373,False,,,,,,,,,,,,,,,,,,,,,,,,,1.1446247366141933,1.3849544265629532,1.2328514746106012,,,,,,0.6748064675734335,111.0,True,1.6962266836745061,False,,,,,,,,,,,,,,,,,,,,,,,,,,0.0,0.0,0.0,0.0,,,,,,,,,,,,,,,,,,,,,,,,,,,,,,,,,,,,,,,,,,,,,,,,,,,,,,,,,,,,,,,,,,,,,,,,,,,,,,,,,,,,,,,,,,,,,,,,,,,,,,,,,,,,,,,,,,,,,,,,,,,,,,,,,,,,,"rolling-origin h<=24 (refit every 24 steps, observed history)",level,,XGBoost Baseline,XGBoost (differenced target + drift bank),nan [1.004-1.285],0.004 (Lg),0.004 (Lg),nan [36.519-51.192],1.000 (Lg),1.000 (Lg),nan [0.386-0.494],1.000 (Lg),1.000 (Lg),nan [2.533-3.380],1.000 (Lg),1.000 (Lg),source-retained only,2.735829028899003,0.0,D,True,0.0,12.018300118909513,12.018300118909513,,0,,1.4848364431271612,,source-retained only,,False,,False
N-HiTS,,1.0928788400221778,1.5487207111655756,0.7006681704500203,,1.215425384484365,,,,,0.6120130896322442,111.0,True,1.7857115452855488,False,,,,,,,,,,,,,,,,,,,,,,,,,0.2187453813734775,0.29070469386001585,1.055483862484634,1.8709440198761502,,,,,0.183395737921935,111.0,True,1.1927506268798327,False,,,,,,,,,,,,,,,,,,,,,,,,,25.072315937763936,39.493567007175116,0.39456595827327484,0.7615490680236537,,,,,21.71171171171171,111.0,True,1.1547830162206627,False,,,,,,,,,,,,,,,,,,,,,,,,,0.8295927666595097,1.17512864271123,0.893537098217717,1.4962852959982433,,,,,0.6748064675734335,111.0,True,1.2293788019588476,False,,,,,,,,,,,,,,,,,,,,,,,,,,0.0,0.0,0.0,0.0,,,,,,,,,,,,,,,,,,,,,,,,,,,,,,,,,,,,,,,,,,,,,,,,,,,,,,,,,,,,,,,,,,,,,,,,,,,,,,,,,,,,,,,,,,,,,,,,,,,,,,,,,,,,,,,,,,,,,,,,,,,,,,,,,,,,,"rolling-origin h=1 (observed history, no future info)",level,,XGBoost Baseline,XGBoost (differenced target + drift bank),nan [0.682-0.989],<0.001 (Lg),<0.001 (Lg),nan [19.705-31.001],<0.001 (Lg),<0.001 (Lg),nan [0.187-0.255],0.063 (Md),0.063 (Md),nan [0.899-1.306],0.001 (Sm),0.001 (Sm),source-retained only,1.340655997586223,0.0,D,True,0.0,6.803383231454775,6.803383231454775,,0,,0.7610637723564115,,source-retained only,1.336050942095603,False,,False
PatchTST,,0.8051351214133293,1.2063902983842456,0.5161894730016773,,0.8954164255626024,,,,,0.6120130896322442,111.0,True,1.3155521263395382,False,,,,,,,,,,,,,,,,,,,,,,,,,0.1800856568716014,0.2544824721441333,0.8689440823821981,1.5402847853236694,,,,,0.183395737921935,111.0,True,0.9819511560746162,True,,,,,,,,,,,,,,,,,,,,,,,,,21.8487048449817,36.52402267662268,0.3438356147708541,0.6636347776376829,,,,,21.71171171171171,111.0,True,1.0063096422377464,False,,,,,,,,,,,,,,,,,,,,,,,,,0.6609490175277616,0.9700939704185266,0.7118944269122349,1.1921129692505839,,,,,0.6748064675734335,111.0,True,0.9794645565631542,True,,,,,,,,,,,,,,,,,,,,,,,,,,0.0,0.0,0.0,0.0,,,,,,,,,,,,,,,,,,,,,,,,,,,,,,,,,,,,,,,,,,,,,,,,,,,,,,,,,,,,,,,,,,,,,,,,,,,,,,,,,,,,,,,,,,,,,,,,,,,,,,,,,,,,,,,,,,,,,,,,,,,,,,,,,,,,,"rolling-origin h=1 (observed history, no future info)",level,,XGBoost Baseline,XGBoost (differenced target + drift bank),nan [0.530-0.800],<0.001 (Lg),<0.001 (Lg),nan [16.890-27.181],<0.001 (Lg),<0.001 (Lg),nan [0.148-0.213],<0.001 (Md),<0.001 (Md),nan [0.654-0.994],<0.001 (Negl),<0.001 (Negl),source-retained only,1.0708193703037638,0.5,D,True,0.0,5.873718660198598,5.873718660198598,,0,,0.6102158992667411,,source-retained only,1.0728622394436347,False,,False
SeasonalNaive (24h),,3.3076317947720826,4.048019560995897,2.1205940066679685,,,,,,,0.6120130896322442,111.0,True,5.404511522391822,False,,,,,,,,,,,,,,,,,,,,,,,,,0.38843374938135544,0.47124110330757696,1.8742592485480998,,,,,,0.183395737921935,111.0,True,2.118008595961471,False,,,,,,,,,,,,,,,,,,,,,,,,,63.085585585585584,93.82361974269391,0.992785213443956,,,,,,21.71171171171171,111.0,True,2.9056016597510372,False,,,,,,,,,,,,,,,,,,,,,,,,,1.431002494152943,1.7279079735705272,1.5413029953436599,,,,,,0.6748064675734335,111.0,True,2.1206117056031606,False,,,,,,,,,,,,,,,,,,,,,,,,,,0.0,0.0,0.0,0.0,,,,,,,,,,,,,,,,,,,,,,,,,,,,,,,,,,,,,,,,,,,,,,,,,,,,,,,,,,,,,,,,,,,,,,,,,,,,,,,,,,,,,,,,,,,,,,,,,,,,,,,,,,,,,,,,,,,,,,,,,,,,,,,,,,,,,seasonal lag h=24 (observed t-24),level,,XGBoost Baseline,XGBoost (differenced target + drift bank),nan [1.256-1.618],1.000 (Lg),1.000 (Lg),nan [50.752-76.365],1.000 (Lg),1.000 (Lg),nan [0.338-0.439],1.000 (Lg),1.000 (Lg),nan [2.868-3.732],1.000 (Lg),1.000 (Lg),source-retained only,3.1371833709268726,0.0,D,True,0.0,17.05316340597299,17.05316340597299,,0,,1.632235366000921,,source-retained only,,False,,False
Theta Method,,0.8095778874703338,1.2768538567677035,0.5190378260403687,,,,,,,0.6120130896322442,111.0,True,1.32281139273803,False,,,,,,,,,,,,,,,,,,,,,,,,,0.17741162181138692,0.24121391137792877,0.8560414060557175,,,,,,0.183395737921935,111.0,True,0.9673704733907431,True,,,,,,,,,,,,,,,,,,,,,,,,,21.416798081179046,33.56593017253527,0.33703864768701874,,,,,,21.71171171171171,111.0,True,0.9864168410833503,True,,,,,,,,,,,,,,,,,,,,,,,,,0.6912913117383399,0.9500444212244806,0.7445754803299969,,,,,,0.6748064675734335,111.0,True,1.0244289955076822,False,,,,,,,,,,,,,,,,,,,,,,,,,,0.0,0.0,0.0,0.0,,,,,,,,,,,,,,,,,,,,,,,,,,,,,,,,,,,,,,,,,,,,,,,,,,,,,,,,,,,,,,,,,,,,,,,,,,,,,,,,,,,,,,,,,,,,,,,,,,,,,,,,,,,,,,,,,,,,,,,,,,,,,,,,,,,,,"rolling-origin h=1 (observed history, no future info)",level,,XGBoost Baseline,XGBoost (differenced target + drift bank),nan [0.577-0.811],<0.001 (Lg),<0.001 (Lg),nan [16.725-26.413],<0.001 (Lg),<0.001 (Lg),nan [0.148-0.208],<0.001 (Md),<0.001 (Md),nan [0.641-1.004],<0.001 (Negl),<0.001 (Negl),source-retained only,1.0752569256799513,0.5,D,True,0.0,5.773769725549776,5.773769725549776,,0,,0.6141733400282755,,source-retained only,,False,,False
ETS (Holt-Winters),,0.8266516528797219,1.2844700551207373,0.5299841848991843,,,,,,,0.6120130896322442,111.0,True,1.3507091055461786,False,,,,,,,,,,,,,,,,,,,,,,,,,0.17623744211783204,0.2427860612877015,0.8503757882930808,,,,,,0.183395737921935,111.0,True,0.9609680361974934,True,,,,,,,,,,,,,,,,,,,,,,,,,20.83995085685736,32.704322635295775,0.327960735682131,,,,,,21.71171171171171,111.0,True,0.9598483589672893,True,,,,,,,,,,,,,,,,,,,,,,,,,0.7367497724974,0.9824928984940163,0.7935378420435071,,,,,,0.6748064675734335,111.0,True,1.0917941778873448,False,,,,,,,,,,,,,,,,,,,,,,,,,,0.0,0.0,0.0,0.0,,,,,,,,,,,,,,,,,,,,,,,,,,,,,,,,,,,,,,,,,,,,,,,,,,,,,,,,,,,,,,,,,,,,,,,,,,,,,,,,,,,,,,,,,,,,,,,,,,,,,,,,,,,,,,,,,,,,,,,,,,,,,,,,,,,,,"rolling-origin h=1 (observed history, no future info)",level,,XGBoost Baseline,XGBoost (differenced target + drift bank),nan [0.619-0.860],<0.001 (Lg),<0.001 (Lg),nan [16.208-25.728],<0.001 (Lg),<0.001 (Lg),nan [0.146-0.209],<0.001 (Md),<0.001 (Md),nan [0.664-1.016],<0.001 (Negl),<0.001 (Negl),source-retained only,1.0908299196495765,0.5,D,True,0.0,5.644897431088078,5.644897431088078,,0,,0.6254646377294758,,source-retained only,,False,,False
Physics-Guided MLP,,1.6816625246095989,1.9699072547368586,1.036079863810557,,,,,,,0.6227425509269077,107.0,True,2.7004137136711868,False,,,,,,,,,,,,,,,,,,,,,,,,,0.2634038580165166,0.3240201486479,1.4191908838283827,,,,,,0.18492455055453072,107.0,True,1.4243855519813409,False,,,,,,,,,,,,,,,,,,,,,,,,,53.142242146429616,67.69114695282849,0.8636008298833278,,,,,,22.364485981308412,107.0,True,2.3761888464972705,False,,,,,,,,,,,,,,,,,,,,,,,,,1.0278780953191855,1.2246350149956526,1.1446484151277472,,,,,,0.6615282046789824,107.0,True,1.5537933047283758,False,,,,,,,,,,,,,,,,,,,,,,,,,,0.0,0.0,0.0,0.0,,,,,,,,,,,,,,,,,,,,,,,,,,,,,,,,,,,,,,,,,,,,,,,,,,,,,,,,,,,,,,,,,,,,,,,,,,,,,,,,,,,,,,,,,,,,,,,,,,,,,,,,,,,,,,,,,,,,,,,,,,,,,,,,,,,,,"rolling-origin h=1 (observed history, no future info)",level,,XGBoost Baseline,XGBoost (differenced target + drift bank),nan [0.906-1.156],<0.001 (Lg),<0.001 (Lg),nan [45.251-61.153],1.000 (Lg),1.000 (Lg),nan [0.227-0.302],0.496 (Lg),0.496 (Lg),nan [1.495-1.876],1.000 (Md),1.000 (Md),source-retained only,2.0136953542195437,0.0,D,True,0.0,14.02879665609373,14.02879665609373,,0,,1.1158799981625036,,source-retained only,,False,,False
Grey-Box XGBoost,,1.6022036911627833,1.9734654141648635,0.9871249182543822,,,,,,,0.6227425509269077,107.0,True,2.5728187174266766,False,,,,,,,,,,,,,,,,,,,,,,,,,0.2538230506426141,0.31856903144794024,1.3675705522692847,,,,,,0.18492455055453072,107.0,True,1.3725762743858423,False,,,,,,,,,,,,,,,,,,,,,,,,,62.20479205835645,76.43001490471887,1.010873984132897,,,,,,22.364485981308412,107.0,True,2.7814094234200333,False,,,,,,,,,,,,,,,,,,,,,,,,,1.5279260630057145,1.8397432310794943,1.7015034705149295,,,,,,0.6615282046789824,107.0,True,2.3096914873753054,False,,,,,,,,,,,,,,,,,,,,,,,,,,0.0,0.0,0.0,0.0,,,,,,,,,,,,,,,,,,,,,,,,,,,,,,,,,,,,,,,,,,,,,,,,,,,,,,,,,,,,,,,,,,,,,,,,,,,,,,,,,,,,,,,,,,,,,,,,,,,,,,,,,,,,,,,,,,,,,,,,,,,,,,,,,,,,,"rolling-origin h=1 (observed history, no future info)",level,,XGBoost Baseline,XGBoost (differenced target + drift bank),nan [1.336-1.717],1.000 (Lg),1.000 (Lg),nan [54.372-70.237],1.000 (Lg),1.000 (Lg),nan [0.218-0.291],0.002 (Lg),0.002 (Lg),nan [1.384-1.826],1.000 (Md),1.000 (Md),source-retained only,2.2591239756519643,0.0,D,True,0.0,16.39718621579189,16.39718621579189,,0,,1.2667682312928732,,source-retained only,,False,,False
